anchor,negative,positive
22637_001_40_1.jpg,20324_001_31_0.jpg,32834_001_82_0.jpg
9484_001_13_1.jpg,27568_001_61_0.jpg,19278_001_27_0.jpg
3684_001_115_1.jpg,17295_001_19_0.jpg,24173_001_47_0.jpg
378_001_101_0.jpg,5464_001_123_0.jpg,6702_001_128_1.jpg
12683_001_153_0.jpg,20324_001_31_0.jpg,4295_001_118_1.jpg
18436_001_23_1.jpg,7031_001_12_0.jpg,27267_001_5_1.jpg
31808_001_78_1.jpg,16323_001_16_0.jpg,3913_001_116_1.jpg
32900_001_82_1.jpg,1899_001_108_0.jpg,12578_001_152_1.jpg
21897_001_38_0.jpg,717_001_102_1.jpg,18351_001_23_0.jpg
29430_001_69_0.jpg,28584_001_65_0.jpg,233_001_100_1.jpg
7144_001_12_1.jpg,24707_001_49_1.jpg,5474_001_123_0.jpg
15967_001_168_0.jpg,4469_001_119_0.jpg,25735_001_53_1.jpg
24950_001_50_0.jpg,33174_001_83_1.jpg,23093_001_42_1.jpg
5668_001_124_0.jpg,33410_001_84_1.jpg,20186_001_30_1.jpg
25948_001_54_1.jpg,6907_001_129_1.jpg,6834_001_129_1.jpg
11884_001_14_1.jpg,18037_001_21_1.jpg,21565_001_36_1.jpg
1089_001_104_1.jpg,31501_001_77_1.jpg,8687_001_137_0.jpg
16346_001_16_0.jpg,7773_001_132_1.jpg,23720_001_45_1.jpg
21606_001_36_1.jpg,18980_001_26_0.jpg,8048_001_134_0.jpg
8611_001_137_0.jpg,15521_001_166_0.jpg,35877_001_96_0.jpg
27877_001_62_0.jpg,22261_001_39_1.jpg,10543_001_144_1.jpg
15924_001_168_0.jpg,6490_001_127_1.jpg,33007_001_83_0.jpg
27613_001_61_0.jpg,34026_001_87_1.jpg,6294_001_127_0.jpg
21565_001_36_1.jpg,14513_001_160_1.jpg,14415_001_160_0.jpg
15434_001_165_1.jpg,9333_001_13_0.jpg,30611_001_73_0.jpg
3582_001_115_0.jpg,9186_001_139_1.jpg,26985_001_59_0.jpg
16408_001_16_0.jpg,13652_001_157_1.jpg,7786_001_132_1.jpg
1745_001_107_1.jpg,24111_001_47_0.jpg,34506_001_89_1.jpg
2115_001_109_0.jpg,24499_001_48_1.jpg,2680_001_110_1.jpg
18864_001_25_1.jpg,27613_001_61_0.jpg,36742_001_9_0.jpg
31053_001_75_0.jpg,9734_001_141_0.jpg,8217_001_135_0.jpg
31690_001_78_0.jpg,21246_001_35_0.jpg,29841_001_70_0.jpg
8993_001_138_1.jpg,20609_001_32_1.jpg,8480_001_136_0.jpg
25574_001_53_0.jpg,8137_001_134_1.jpg,27697_001_61_1.jpg
20795_001_33_0.jpg,3158_001_113_0.jpg,18153_001_22_0.jpg
35440_001_93_0.jpg,8667_001_137_0.jpg,21933_001_38_0.jpg
24626_001_49_1.jpg,5349_001_122_1.jpg,30978_001_75_0.jpg
24368_001_48_0.jpg,4870_001_120_0.jpg,3952_001_116_1.jpg
33959_001_87_1.jpg,10522_001_144_1.jpg,29039_001_67_0.jpg
32414_001_80_1.jpg,1836_001_108_0.jpg,1096_001_104_1.jpg
28446_001_64_1.jpg,31550_001_77_1.jpg,22903_001_41_1.jpg
21535_001_36_1.jpg,972_001_104_0.jpg,972_001_104_0.jpg
8137_001_134_1.jpg,31861_001_79_0.jpg,30481_001_72_1.jpg
12995_001_154_1.jpg,17729_001_20_1.jpg,34421_001_89_1.jpg
11355_001_148_1.jpg,27610_001_61_0.jpg,30957_001_75_0.jpg
14622_001_161_0.jpg,36500_001_99_0.jpg,11160_001_147_1.jpg
7414_001_131_0.jpg,5363_001_122_1.jpg,35603_001_94_1.jpg
1976_001_108_1.jpg,23770_001_45_1.jpg,13762_001_158_0.jpg
5002_001_121_0.jpg,5477_001_123_0.jpg,32955_001_82_1.jpg
15410_001_165_0.jpg,22054_001_38_1.jpg,3213_001_113_0.jpg
17603_001_1_1.jpg,1322_001_105_1.jpg,5244_001_122_0.jpg
18896_001_25_1.jpg,6683_001_128_1.jpg,21407_001_36_0.jpg
4238_001_118_0.jpg,36761_001_9_0.jpg,1398_001_106_0.jpg
24670_001_49_1.jpg,24822_001_4_0.jpg,29348_001_68_1.jpg
34827_001_90_0.jpg,2208_001_109_1.jpg,26298_001_56_0.jpg
34427_001_89_1.jpg,27568_001_61_0.jpg,27120_001_59_1.jpg
7843_001_133_0.jpg,15562_001_166_0.jpg,16161_001_169_0.jpg
33720_001_86_0.jpg,21552_001_36_1.jpg,14278_001_15_1.jpg
20186_001_30_1.jpg,22911_001_41_1.jpg,1063_001_104_1.jpg
22545_001_40_0.jpg,19214_001_27_0.jpg,15367_001_165_0.jpg
12649_001_153_0.jpg,11006_001_146_1.jpg,1924_001_108_1.jpg
10461_001_144_0.jpg,3575_001_115_0.jpg,29788_001_6_1.jpg
30789_001_74_0.jpg,29598_001_69_1.jpg,9039_001_139_0.jpg
2078_001_109_0.jpg,27558_001_61_0.jpg,26447_001_57_0.jpg
27316_001_5_1.jpg,27965_001_62_1.jpg,11771_001_14_0.jpg
8420_001_136_0.jpg,12872_001_154_0.jpg,28497_001_64_1.jpg
33483_001_85_0.jpg,34845_001_90_1.jpg,10873_001_146_0.jpg
21369_001_35_1.jpg,5547_001_123_1.jpg,18081_001_22_0.jpg
34432_001_89_1.jpg,18373_001_23_0.jpg,18240_001_22_1.jpg
16413_001_16_0.jpg,1729_001_107_1.jpg,12129_001_150_1.jpg
11206_001_147_1.jpg,5210_001_121_1.jpg,22204_001_39_1.jpg
11460_001_149_0.jpg,20876_001_33_1.jpg,7302_001_130_1.jpg
5221_001_122_0.jpg,23862_001_46_0.jpg,9850_001_141_1.jpg
21143_001_34_1.jpg,13630_001_157_0.jpg,8154_001_134_1.jpg
17136_001_18_1.jpg,13722_001_157_1.jpg,28669_001_65_1.jpg
4329_001_118_1.jpg,34798_001_90_0.jpg,1472_001_106_0.jpg
6492_001_127_1.jpg,27849_001_62_0.jpg,31756_001_78_1.jpg
963_001_104_0.jpg,9604_001_140_1.jpg,25735_001_53_1.jpg
30905_001_74_1.jpg,25486_001_52_1.jpg,24125_001_47_0.jpg
35741_001_95_0.jpg,29036_001_67_0.jpg,25955_001_54_1.jpg
1679_001_107_0.jpg,9672_001_140_1.jpg,11409_001_148_1.jpg
11081_001_147_0.jpg,33174_001_83_1.jpg,4575_001_119_1.jpg
13551_001_157_0.jpg,31204_001_76_0.jpg,25232_001_51_0.jpg
13723_001_157_1.jpg,15311_001_164_1.jpg,36755_001_9_0.jpg
29413_001_69_0.jpg,15037_001_163_0.jpg,34488_001_89_1.jpg
10270_001_143_1.jpg,23242_001_43_0.jpg,3017_001_112_0.jpg
29667_001_6_0.jpg,21143_001_34_1.jpg,12677_001_153_0.jpg
36218_001_97_1.jpg,9283_001_13_0.jpg,12707_001_153_0.jpg
34863_001_90_1.jpg,10885_001_146_0.jpg,1902_001_108_0.jpg
32828_001_82_0.jpg,16970_001_17_1.jpg,34664_001_8_1.jpg
31137_001_75_1.jpg,26916_001_59_0.jpg,23873_001_46_0.jpg
35048_001_91_1.jpg,22880_001_41_1.jpg,31165_001_75_1.jpg
28406_001_64_1.jpg,729_001_103_0.jpg,30186_001_71_1.jpg
24050_001_46_1.jpg,32687_001_81_1.jpg,21565_001_36_1.jpg
16597_001_170_0.jpg,546_001_102_0.jpg,9914_001_141_1.jpg
15274_001_164_1.jpg,14619_001_161_0.jpg,5029_001_121_0.jpg
29692_001_6_0.jpg,8021_001_134_0.jpg,11238_001_148_0.jpg
13474_001_156_1.jpg,21853_001_38_0.jpg,5594_001_123_1.jpg
29036_001_67_0.jpg,36861_001_9_1.jpg,7175_001_130_0.jpg
5081_001_121_0.jpg,35350_001_92_1.jpg,6606_001_128_0.jpg
20601_001_32_0.jpg,31550_001_77_1.jpg,5775_001_124_1.jpg
4364_001_118_1.jpg,14611_001_161_0.jpg,10295_001_143_1.jpg
30587_001_73_0.jpg,1268_001_105_1.jpg,26239_001_56_0.jpg
20853_001_33_1.jpg,10299_001_143_1.jpg,10270_001_143_1.jpg
35331_001_92_1.jpg,17924_001_21_0.jpg,11123_001_147_1.jpg
991_001_104_0.jpg,19768_001_29_1.jpg,25527_001_52_1.jpg
15822_001_167_1.jpg,30032_001_70_1.jpg,28605_001_65_0.jpg
23247_001_43_0.jpg,22624_001_40_1.jpg,20189_001_30_1.jpg
26948_001_59_0.jpg,13580_001_157_0.jpg,29283_001_68_0.jpg
7032_001_12_0.jpg,16341_001_16_0.jpg,36233_001_97_1.jpg
15821_001_167_1.jpg,33700_001_86_0.jpg,14868_001_162_0.jpg
20619_001_32_1.jpg,24527_001_49_0.jpg,23666_001_45_0.jpg
22474_001_40_0.jpg,12170_001_151_0.jpg,1268_001_105_1.jpg
13794_001_158_0.jpg,9558_001_140_0.jpg,29708_001_6_0.jpg
7072_001_12_1.jpg,12324_001_151_1.jpg,9541_001_140_0.jpg
23927_001_46_0.jpg,36786_001_9_1.jpg,10295_001_143_1.jpg
18665_001_24_1.jpg,12717_001_153_0.jpg,15802_001_167_1.jpg
21853_001_38_0.jpg,26467_001_57_0.jpg,30335_001_72_0.jpg
30623_001_73_1.jpg,4139_001_117_1.jpg,31896_001_79_0.jpg
18966_001_26_0.jpg,27558_001_61_0.jpg,23546_001_44_1.jpg
7011_001_12_0.jpg,20843_001_33_1.jpg,33449_001_85_0.jpg
7292_001_130_1.jpg,10205_001_143_0.jpg,32608_001_81_0.jpg
17295_001_19_0.jpg,3684_001_115_1.jpg,19715_001_29_0.jpg
30256_001_71_1.jpg,34234_001_88_1.jpg,21938_001_38_0.jpg
24680_001_49_1.jpg,11708_001_14_0.jpg,20423_001_31_1.jpg
22220_001_39_1.jpg,31458_001_77_0.jpg,25920_001_54_1.jpg
34635_001_8_0.jpg,20797_001_33_0.jpg,4779_001_11_1.jpg
13996_001_159_0.jpg,21056_001_34_0.jpg,11819_001_14_1.jpg
25171_001_51_0.jpg,15127_001_163_1.jpg,20774_001_33_0.jpg
1097_001_104_1.jpg,4160_001_117_1.jpg,2594_001_110_1.jpg
5379_001_122_1.jpg,21656_001_37_0.jpg,12566_001_152_1.jpg
9979_001_142_0.jpg,6978_001_12_0.jpg,10724_001_145_1.jpg
13910_001_158_1.jpg,14682_001_161_1.jpg,18795_001_25_0.jpg
5030_001_121_0.jpg,12639_001_153_0.jpg,23492_001_44_1.jpg
14845_001_162_0.jpg,32382_001_80_0.jpg,1924_001_108_1.jpg
27799_001_62_0.jpg,10216_001_143_0.jpg,13934_001_158_1.jpg
30565_001_73_0.jpg,33891_001_87_0.jpg,7405_001_131_0.jpg
17454_001_1_0.jpg,14479_001_160_1.jpg,181_001_100_0.jpg
29476_001_69_0.jpg,11809_001_14_1.jpg,9423_001_13_1.jpg
729_001_103_0.jpg,35640_001_95_0.jpg,36763_001_9_0.jpg
26501_001_57_0.jpg,22529_001_40_0.jpg,17562_001_1_1.jpg
19557_001_28_1.jpg,24618_001_49_0.jpg,22903_001_41_1.jpg
12780_001_153_1.jpg,11299_001_148_0.jpg,500_001_101_1.jpg
5072_001_121_0.jpg,32932_001_82_1.jpg,12893_001_154_0.jpg
10363_001_143_1.jpg,466_001_101_1.jpg,17843_001_21_0.jpg
18134_001_22_0.jpg,378_001_101_0.jpg,18967_001_26_0.jpg
12375_001_152_0.jpg,24992_001_50_0.jpg,29309_001_68_1.jpg
2759_001_111_0.jpg,19121_001_26_1.jpg,32054_001_79_1.jpg
33831_001_86_1.jpg,32292_001_80_0.jpg,35125_001_91_1.jpg
17921_001_21_0.jpg,23230_001_43_0.jpg,6379_001_127_0.jpg
1691_001_107_0.jpg,22903_001_41_1.jpg,31550_001_77_1.jpg
8344_001_135_1.jpg,16949_001_17_1.jpg,3834_001_116_0.jpg
12314_001_151_1.jpg,2890_001_111_1.jpg,291_001_100_1.jpg
13327_001_156_0.jpg,36148_001_97_0.jpg,1221_001_105_0.jpg
25211_001_51_0.jpg,21630_001_37_0.jpg,29826_001_6_1.jpg
33146_001_83_1.jpg,25644_001_53_0.jpg,401_001_101_0.jpg
23997_001_46_1.jpg,33410_001_84_1.jpg,33284_001_84_0.jpg
683_001_102_1.jpg,21005_001_34_0.jpg,7438_001_131_0.jpg
20843_001_33_1.jpg,29283_001_68_0.jpg,30949_001_74_1.jpg
827_001_103_0.jpg,16473_001_16_1.jpg,18117_001_22_0.jpg
2773_001_111_0.jpg,19768_001_29_1.jpg,27099_001_59_1.jpg
35787_001_95_1.jpg,16488_001_16_1.jpg,33655_001_86_0.jpg
4575_001_119_1.jpg,11723_001_14_0.jpg,8588_001_136_1.jpg
8674_001_137_0.jpg,16617_001_170_0.jpg,20067_001_30_0.jpg
8316_001_135_1.jpg,28669_001_65_1.jpg,26904_001_59_0.jpg
26740_001_58_0.jpg,5210_001_121_1.jpg,4779_001_11_1.jpg
35277_001_92_1.jpg,16175_001_169_0.jpg,21565_001_36_1.jpg
7104_001_12_1.jpg,9849_001_141_1.jpg,22639_001_40_1.jpg
5223_001_122_0.jpg,23087_001_42_1.jpg,6339_001_127_0.jpg
3755_001_115_1.jpg,13835_001_158_0.jpg,6178_001_126_1.jpg
21623_001_36_1.jpg,16503_001_16_1.jpg,4120_001_117_1.jpg
36678_001_9_0.jpg,13966_001_159_0.jpg,28821_001_66_0.jpg
20113_001_30_0.jpg,34083_001_88_0.jpg,23077_001_42_1.jpg
26696_001_58_0.jpg,25758_001_53_1.jpg,11735_001_14_0.jpg
36868_001_9_1.jpg,12717_001_153_0.jpg,14446_001_160_0.jpg
30294_001_72_0.jpg,33676_001_86_0.jpg,11381_001_148_1.jpg
3626_001_115_0.jpg,32036_001_79_1.jpg,11015_001_147_0.jpg
2005_001_108_1.jpg,13371_001_156_0.jpg,29692_001_6_0.jpg
17893_001_21_0.jpg,16346_001_16_0.jpg,17471_001_1_0.jpg
20057_001_30_0.jpg,1159_001_105_0.jpg,3566_001_115_0.jpg
34952_001_91_0.jpg,18792_001_25_0.jpg,21943_001_38_0.jpg
11720_001_14_0.jpg,696_001_102_1.jpg,35531_001_93_1.jpg
29820_001_6_1.jpg,728_001_103_0.jpg,34097_001_88_0.jpg
6061_001_125_1.jpg,9850_001_141_1.jpg,2773_001_111_0.jpg
16018_001_168_1.jpg,8597_001_136_1.jpg,22343_001_3_0.jpg
33607_001_85_1.jpg,29691_001_6_0.jpg,31189_001_76_0.jpg
10446_001_144_0.jpg,31216_001_76_0.jpg,20619_001_32_1.jpg
30410_001_72_1.jpg,15627_001_166_1.jpg,8089_001_134_0.jpg
30118_001_71_0.jpg,24411_001_48_1.jpg,32367_001_80_0.jpg
16323_001_16_0.jpg,12503_001_152_1.jpg,33480_001_85_0.jpg
11042_001_147_0.jpg,3738_001_115_1.jpg,29708_001_6_0.jpg
12538_001_152_1.jpg,10349_001_143_1.jpg,2619_001_110_1.jpg
18057_001_22_0.jpg,6907_001_129_1.jpg,11546_001_149_0.jpg
24191_001_47_1.jpg,10536_001_144_1.jpg,29841_001_70_0.jpg
17885_001_21_0.jpg,10722_001_145_1.jpg,4714_001_11_1.jpg
29297_001_68_1.jpg,13580_001_157_0.jpg,12931_001_154_0.jpg
13371_001_156_0.jpg,29692_001_6_0.jpg,12068_001_150_1.jpg
36779_001_9_1.jpg,632_001_102_1.jpg,8757_001_137_1.jpg
12893_001_154_0.jpg,15799_001_167_1.jpg,32802_001_82_0.jpg
4692_001_11_0.jpg,2078_001_109_0.jpg,2680_001_110_1.jpg
22944_001_42_0.jpg,27877_001_62_0.jpg,33159_001_83_1.jpg
10197_001_143_0.jpg,30963_001_75_0.jpg,31165_001_75_1.jpg
33742_001_86_0.jpg,6872_001_129_1.jpg,35846_001_96_0.jpg
5672_001_124_0.jpg,24411_001_48_1.jpg,19066_001_26_1.jpg
33893_001_87_0.jpg,25644_001_53_0.jpg,6518_001_128_0.jpg
18373_001_23_0.jpg,23672_001_45_0.jpg,27954_001_62_1.jpg
343_001_101_0.jpg,18373_001_23_0.jpg,18240_001_22_1.jpg
19509_001_28_0.jpg,31124_001_75_1.jpg,9148_001_139_1.jpg
9071_001_139_0.jpg,6872_001_129_1.jpg,6894_001_129_1.jpg
29760_001_6_1.jpg,35481_001_93_1.jpg,11409_001_148_1.jpg
793_001_103_0.jpg,25916_001_54_1.jpg,24532_001_49_0.jpg
35677_001_95_0.jpg,22071_001_39_0.jpg,5871_001_125_0.jpg
15183_001_164_0.jpg,27449_001_60_1.jpg,13712_001_157_1.jpg
33682_001_86_0.jpg,10216_001_143_0.jpg,13934_001_158_1.jpg
7888_001_133_0.jpg,18792_001_25_0.jpg,21141_001_34_1.jpg
28399_001_64_1.jpg,31165_001_75_1.jpg,16090_001_168_1.jpg
5792_001_124_1.jpg,21518_001_36_1.jpg,20062_001_30_0.jpg
15435_001_165_1.jpg,15104_001_163_1.jpg,6155_001_126_0.jpg
3309_001_113_1.jpg,21606_001_36_1.jpg,5141_001_121_1.jpg
7411_001_131_0.jpg,2519_001_110_0.jpg,972_001_104_0.jpg
3050_001_112_1.jpg,6071_001_126_0.jpg,11525_001_149_0.jpg
5476_001_123_0.jpg,23770_001_45_1.jpg,29021_001_67_0.jpg
14157_001_15_0.jpg,5349_001_122_1.jpg,36132_001_97_0.jpg
29783_001_6_1.jpg,33214_001_84_0.jpg,29373_001_68_1.jpg
7835_001_133_0.jpg,19764_001_29_1.jpg,28369_001_64_0.jpg
7287_001_130_1.jpg,36267_001_98_0.jpg,36400_001_98_1.jpg
25461_001_52_1.jpg,12683_001_153_0.jpg,35260_001_92_1.jpg
16737_001_170_1.jpg,10349_001_143_1.jpg,28057_001_63_0.jpg
10299_001_143_1.jpg,33439_001_85_0.jpg,30665_001_73_1.jpg
4714_001_11_1.jpg,14294_001_15_1.jpg,22529_001_40_0.jpg
28599_001_65_0.jpg,36636_001_99_1.jpg,26239_001_56_0.jpg
22193_001_39_1.jpg,1614_001_107_0.jpg,31993_001_79_1.jpg
7764_001_132_1.jpg,3606_001_115_0.jpg,9707_001_141_0.jpg
23696_001_45_0.jpg,7984_001_133_1.jpg,2226_001_109_1.jpg
35627_001_94_1.jpg,1729_001_107_1.jpg,30581_001_73_0.jpg
33886_001_87_0.jpg,33947_001_87_0.jpg,16248_001_169_1.jpg
27007_001_59_0.jpg,14297_001_15_1.jpg,31660_001_78_0.jpg
2084_001_109_0.jpg,16727_001_170_1.jpg,31238_001_76_0.jpg
5128_001_121_1.jpg,24152_001_47_0.jpg,18308_001_23_0.jpg
22724_001_41_0.jpg,1729_001_107_1.jpg,7556_001_131_1.jpg
27520_001_60_1.jpg,31926_001_79_0.jpg,24125_001_47_0.jpg
28461_001_64_1.jpg,1691_001_107_0.jpg,32985_001_83_0.jpg
8613_001_137_0.jpg,19557_001_28_1.jpg,24183_001_47_1.jpg
32092_001_7_0.jpg,19484_001_28_0.jpg,13695_001_157_1.jpg
9940_001_142_0.jpg,9071_001_139_0.jpg,2101_001_109_0.jpg
3599_001_115_0.jpg,5595_001_123_1.jpg,5030_001_121_0.jpg
23986_001_46_1.jpg,25752_001_53_1.jpg,15930_001_168_0.jpg
21357_001_35_1.jpg,1111_001_104_1.jpg,20089_001_30_0.jpg
33214_001_84_0.jpg,24128_001_47_0.jpg,6506_001_128_0.jpg
35095_001_91_1.jpg,8884_001_138_0.jpg,21876_001_38_0.jpg
4232_001_118_0.jpg,15362_001_165_0.jpg,15362_001_165_0.jpg
24543_001_49_0.jpg,15559_001_166_0.jpg,18449_001_23_1.jpg
10123_001_142_1.jpg,7425_001_131_0.jpg,11725_001_14_0.jpg
21595_001_36_1.jpg,18404_001_23_1.jpg,36245_001_97_1.jpg
21039_001_34_0.jpg,35640_001_95_0.jpg,28125_001_63_0.jpg
26796_001_58_1.jpg,7245_001_130_0.jpg,14333_001_15_1.jpg
31173_001_75_1.jpg,26055_001_55_0.jpg,30036_001_70_1.jpg
29342_001_68_1.jpg,3776_001_116_0.jpg,1221_001_105_0.jpg
29437_001_69_0.jpg,32353_001_80_0.jpg,8908_001_138_0.jpg
1966_001_108_1.jpg,5929_001_125_0.jpg,27818_001_62_0.jpg
2232_001_109_1.jpg,14611_001_161_0.jpg,10295_001_143_1.jpg
27849_001_62_0.jpg,5582_001_123_1.jpg,1160_001_105_0.jpg
26113_001_55_1.jpg,24626_001_49_1.jpg,33621_001_85_1.jpg
7619_001_132_0.jpg,29168_001_67_1.jpg,12448_001_152_0.jpg
30746_001_74_0.jpg,15562_001_166_0.jpg,36312_001_98_0.jpg
36783_001_9_1.jpg,6962_001_12_0.jpg,13559_001_157_0.jpg
14878_001_162_1.jpg,8175_001_134_1.jpg,30936_001_74_1.jpg
32961_001_82_1.jpg,717_001_102_1.jpg,27591_001_61_0.jpg
10754_001_145_1.jpg,6702_001_128_1.jpg,24058_001_46_1.jpg
6328_001_127_0.jpg,5477_001_123_0.jpg,22804_001_41_0.jpg
1842_001_108_0.jpg,10558_001_144_1.jpg,33205_001_84_0.jpg
3275_001_113_1.jpg,14225_001_15_0.jpg,31067_001_75_1.jpg
24153_001_47_0.jpg,10197_001_143_0.jpg,11204_001_147_1.jpg
546_001_102_0.jpg,27284_001_5_1.jpg,5602_001_123_1.jpg
27946_001_62_1.jpg,17921_001_21_0.jpg,35240_001_92_0.jpg
34859_001_90_1.jpg,6971_001_12_0.jpg,20533_001_32_0.jpg
35379_001_93_0.jpg,26907_001_59_0.jpg,20642_001_32_1.jpg
23444_001_44_0.jpg,14664_001_161_1.jpg,6699_001_128_1.jpg
26232_001_56_0.jpg,30560_001_73_0.jpg,15183_001_164_0.jpg
11123_001_147_1.jpg,23236_001_43_0.jpg,11866_001_14_1.jpg
25758_001_53_1.jpg,19687_001_29_0.jpg,30774_001_74_0.jpg
6071_001_126_0.jpg,6907_001_129_1.jpg,31655_001_78_0.jpg
1639_001_107_0.jpg,11535_001_149_0.jpg,21106_001_34_1.jpg
22361_001_3_0.jpg,7189_001_130_0.jpg,16216_001_169_1.jpg
29005_001_67_0.jpg,24060_001_46_1.jpg,30758_001_74_0.jpg
17204_001_18_1.jpg,3575_001_115_0.jpg,6569_001_128_0.jpg
34761_001_90_0.jpg,25602_001_53_0.jpg,25057_001_50_1.jpg
4074_001_117_1.jpg,6962_001_12_0.jpg,13559_001_157_0.jpg
30519_001_73_0.jpg,4609_001_11_0.jpg,15654_001_166_1.jpg
2030_001_108_1.jpg,10370_001_143_1.jpg,25049_001_50_1.jpg
29538_001_69_1.jpg,12448_001_152_0.jpg,36400_001_98_1.jpg
34594_001_8_0.jpg,17698_001_20_0.jpg,31896_001_79_0.jpg
22293_001_3_0.jpg,1842_001_108_0.jpg,33905_001_87_0.jpg
29982_001_70_1.jpg,19453_001_28_0.jpg,549_001_102_0.jpg
5602_001_123_1.jpg,27936_001_62_1.jpg,10349_001_143_1.jpg
22903_001_41_1.jpg,27568_001_61_0.jpg,30067_001_71_0.jpg
18224_001_22_1.jpg,28433_001_64_1.jpg,23388_001_44_0.jpg
34845_001_90_1.jpg,7522_001_131_1.jpg,7619_001_132_0.jpg
9194_001_139_1.jpg,847_001_103_1.jpg,31384_001_76_1.jpg
4105_001_117_1.jpg,25416_001_52_0.jpg,22108_001_39_0.jpg
10349_001_143_1.jpg,35153_001_92_0.jpg,22606_001_40_1.jpg
36180_001_97_1.jpg,34083_001_88_0.jpg,567_001_102_0.jpg
31535_001_77_1.jpg,27244_001_5_1.jpg,25920_001_54_1.jpg
32433_001_80_1.jpg,7245_001_130_0.jpg,16990_001_18_0.jpg
12880_001_154_0.jpg,28118_001_63_0.jpg,31998_001_79_1.jpg
22632_001_40_1.jpg,23875_001_46_0.jpg,7522_001_131_1.jpg
8219_001_135_0.jpg,36296_001_98_0.jpg,35006_001_91_0.jpg
11855_001_14_1.jpg,16593_001_170_0.jpg,12899_001_154_0.jpg
30518_001_73_0.jpg,89_001_100_0.jpg,8331_001_135_1.jpg
11894_001_150_0.jpg,881_001_103_1.jpg,22981_001_42_0.jpg
26179_001_55_1.jpg,35153_001_92_0.jpg,7072_001_12_1.jpg
12939_001_154_0.jpg,26298_001_56_0.jpg,2241_001_109_1.jpg
30202_001_71_1.jpg,8667_001_137_0.jpg,35859_001_96_0.jpg
2352_001_10_0.jpg,1104_001_104_1.jpg,16652_001_170_0.jpg
22529_001_40_0.jpg,25604_001_53_0.jpg,542_001_102_0.jpg
1461_001_106_0.jpg,24190_001_47_1.jpg,17358_001_19_1.jpg
29585_001_69_1.jpg,24152_001_47_0.jpg,14489_001_160_1.jpg
20324_001_31_0.jpg,7341_001_130_1.jpg,6911_001_129_1.jpg
17556_001_1_1.jpg,29898_001_70_0.jpg,13966_001_159_0.jpg
8175_001_134_1.jpg,25820_001_54_0.jpg,2723_001_111_0.jpg
17818_001_20_1.jpg,4443_001_119_0.jpg,12739_001_153_1.jpg
20968_001_34_0.jpg,18355_001_23_0.jpg,18402_001_23_1.jpg
20378_001_31_0.jpg,26232_001_56_0.jpg,2248_001_109_1.jpg
21612_001_36_1.jpg,5338_001_122_1.jpg,35266_001_92_1.jpg
1833_001_108_0.jpg,35125_001_91_1.jpg,33174_001_83_1.jpg
7181_001_130_0.jpg,25274_001_51_1.jpg,17213_001_18_1.jpg
4727_001_11_1.jpg,31900_001_79_0.jpg,27118_001_59_1.jpg
13504_001_156_1.jpg,752_001_103_0.jpg,34617_001_8_0.jpg
33908_001_87_0.jpg,32397_001_80_0.jpg,896_001_103_1.jpg
2545_001_110_0.jpg,12893_001_154_0.jpg,8114_001_134_0.jpg
1740_001_107_1.jpg,28698_001_65_1.jpg,1384_001_106_0.jpg
25527_001_52_1.jpg,9283_001_13_0.jpg,32912_001_82_1.jpg
35120_001_91_1.jpg,567_001_102_0.jpg,15654_001_166_1.jpg
5480_001_123_0.jpg,34097_001_88_0.jpg,27252_001_5_1.jpg
21750_001_37_1.jpg,391_001_101_0.jpg,1111_001_104_1.jpg
3606_001_115_0.jpg,12270_001_151_1.jpg,22903_001_41_1.jpg
28273_001_64_0.jpg,23694_001_45_0.jpg,284_001_100_1.jpg
22862_001_41_1.jpg,34827_001_90_0.jpg,27362_001_60_0.jpg
21007_001_34_0.jpg,11809_001_14_1.jpg,9423_001_13_1.jpg
18589_001_24_0.jpg,7011_001_12_0.jpg,17636_001_20_0.jpg
17947_001_21_1.jpg,17666_001_20_0.jpg,20067_001_30_0.jpg
20571_001_32_0.jpg,22931_001_42_0.jpg,9541_001_140_0.jpg
34109_001_88_0.jpg,12344_001_151_1.jpg,13736_001_157_1.jpg
36760_001_9_0.jpg,28571_001_65_0.jpg,22348_001_3_0.jpg
6971_001_12_0.jpg,4870_001_120_0.jpg,24492_001_48_1.jpg
28441_001_64_1.jpg,12448_001_152_0.jpg,856_001_103_1.jpg
36611_001_99_1.jpg,11355_001_148_1.jpg,28791_001_66_0.jpg
5490_001_123_0.jpg,13966_001_159_0.jpg,7619_001_132_0.jpg
32958_001_82_1.jpg,17556_001_1_1.jpg,26194_001_55_1.jpg
36445_001_98_1.jpg,16131_001_169_0.jpg,11896_001_150_0.jpg
14081_001_159_1.jpg,2545_001_110_0.jpg,8227_001_135_0.jpg
15765_001_167_0.jpg,25274_001_51_1.jpg,10233_001_143_0.jpg
26491_001_57_0.jpg,7181_001_130_0.jpg,28083_001_63_0.jpg
8521_001_136_0.jpg,29295_001_68_1.jpg,7612_001_132_0.jpg
19453_001_28_0.jpg,22531_001_40_0.jpg,20442_001_31_1.jpg
31571_001_77_1.jpg,5929_001_125_0.jpg,26620_001_57_1.jpg
11650_001_149_1.jpg,3443_001_114_1.jpg,8048_001_134_0.jpg
32070_001_7_0.jpg,28571_001_65_0.jpg,31501_001_77_1.jpg
18701_001_24_1.jpg,25644_001_53_0.jpg,33762_001_86_1.jpg
8452_001_136_0.jpg,15303_001_164_1.jpg,22193_001_39_1.jpg
24152_001_47_0.jpg,1729_001_107_1.jpg,28949_001_66_1.jpg
31786_001_78_1.jpg,32292_001_80_0.jpg,4575_001_119_1.jpg
10225_001_143_0.jpg,10845_001_146_0.jpg,1026_001_104_0.jpg
21219_001_35_0.jpg,18436_001_23_1.jpg,26466_001_57_0.jpg
2154_001_109_1.jpg,6497_001_127_1.jpg,21938_001_38_0.jpg
6639_001_128_1.jpg,36090_001_97_0.jpg,14000_001_159_0.jpg
2208_001_109_1.jpg,16604_001_170_0.jpg,933_001_103_1.jpg
5293_001_122_0.jpg,33905_001_87_0.jpg,33205_001_84_0.jpg
18306_001_23_0.jpg,32819_001_82_0.jpg,12872_001_154_0.jpg
8329_001_135_1.jpg,24037_001_46_1.jpg,36438_001_98_1.jpg
1063_001_104_1.jpg,33410_001_84_1.jpg,20186_001_30_1.jpg
15104_001_163_1.jpg,30935_001_74_1.jpg,7017_001_12_0.jpg
27453_001_60_1.jpg,32316_001_80_0.jpg,22724_001_41_0.jpg
18489_001_23_1.jpg,2208_001_109_1.jpg,23294_001_43_1.jpg
29097_001_67_1.jpg,20414_001_31_1.jpg,10216_001_143_0.jpg
27021_001_59_1.jpg,32454_001_80_1.jpg,9530_001_140_0.jpg
1899_001_108_0.jpg,11550_001_149_0.jpg,18686_001_24_1.jpg
4693_001_11_0.jpg,826_001_103_0.jpg,11409_001_148_1.jpg
15124_001_163_1.jpg,27967_001_62_1.jpg,1276_001_105_1.jpg
24499_001_48_1.jpg,32952_001_82_1.jpg,8412_001_135_1.jpg
9324_001_13_0.jpg,4074_001_117_1.jpg,19509_001_28_0.jpg
24773_001_4_0.jpg,2924_001_112_0.jpg,3783_001_116_0.jpg
14005_001_159_0.jpg,16629_001_170_0.jpg,25615_001_53_0.jpg
28178_001_63_1.jpg,24027_001_46_1.jpg,4232_001_118_0.jpg
29357_001_68_1.jpg,8754_001_137_1.jpg,32953_001_82_1.jpg
35068_001_91_1.jpg,10157_001_143_0.jpg,24058_001_46_1.jpg
7164_001_130_0.jpg,4386_001_119_0.jpg,5230_001_122_0.jpg
12345_001_151_1.jpg,7888_001_133_0.jpg,20586_001_32_0.jpg
4529_001_119_1.jpg,2519_001_110_0.jpg,2519_001_110_0.jpg
16296_001_169_1.jpg,10197_001_143_0.jpg,8114_001_134_0.jpg
28575_001_65_0.jpg,1111_001_104_1.jpg,391_001_101_0.jpg
27614_001_61_0.jpg,6646_001_128_1.jpg,36180_001_97_1.jpg
9870_001_141_1.jpg,13371_001_156_0.jpg,12421_001_152_0.jpg
4161_001_117_1.jpg,10131_001_142_1.jpg,32054_001_79_1.jpg
13907_001_158_1.jpg,10930_001_146_1.jpg,25735_001_53_1.jpg
24060_001_46_1.jpg,7378_001_131_0.jpg,25406_001_52_0.jpg
1749_001_107_1.jpg,27453_001_60_1.jpg,11951_001_150_0.jpg
10601_001_145_0.jpg,30935_001_74_1.jpg,12004_001_150_0.jpg
1342_001_105_1.jpg,23810_001_45_1.jpg,35453_001_93_0.jpg
19872_001_2_0.jpg,6907_001_129_1.jpg,19213_001_27_0.jpg
5871_001_125_0.jpg,17691_001_20_0.jpg,16838_001_17_0.jpg
23300_001_43_1.jpg,7175_001_130_0.jpg,30036_001_70_1.jpg
12293_001_151_1.jpg,5602_001_123_1.jpg,382_001_101_0.jpg
25602_001_53_0.jpg,28902_001_66_1.jpg,33767_001_86_1.jpg
20067_001_30_0.jpg,23671_001_45_0.jpg,1924_001_108_1.jpg
29988_001_70_1.jpg,1437_001_106_0.jpg,12929_001_154_0.jpg
24401_001_48_1.jpg,7175_001_130_0.jpg,16503_001_16_1.jpg
12237_001_151_0.jpg,31031_001_75_0.jpg,5724_001_124_0.jpg
31216_001_76_0.jpg,10446_001_144_0.jpg,27801_001_62_0.jpg
10333_001_143_1.jpg,5476_001_123_0.jpg,11428_001_148_1.jpg
21444_001_36_0.jpg,24111_001_47_0.jpg,23182_001_43_0.jpg
33564_001_85_1.jpg,27207_001_5_0.jpg,32070_001_7_0.jpg
31561_001_77_1.jpg,14479_001_160_1.jpg,17454_001_1_0.jpg
30987_001_75_0.jpg,5451_001_123_0.jpg,14513_001_160_1.jpg
31417_001_77_0.jpg,12291_001_151_1.jpg,26725_001_58_0.jpg
7561_001_131_1.jpg,6379_001_127_0.jpg,1824_001_108_0.jpg
9036_001_139_0.jpg,25920_001_54_1.jpg,32953_001_82_1.jpg
27475_001_60_1.jpg,6962_001_12_0.jpg,31603_001_77_1.jpg
8823_001_138_0.jpg,14664_001_161_1.jpg,27954_001_62_1.jpg
34520_001_8_0.jpg,5334_001_122_1.jpg,17991_001_21_1.jpg
5920_001_125_0.jpg,26302_001_56_0.jpg,31093_001_75_1.jpg
23132_001_42_1.jpg,31190_001_76_0.jpg,5688_001_124_0.jpg
34605_001_8_0.jpg,26298_001_56_0.jpg,5179_001_121_1.jpg
13861_001_158_1.jpg,32995_001_83_0.jpg,14518_001_160_1.jpg
20078_001_30_0.jpg,31550_001_77_1.jpg,4985_001_120_1.jpg
7130_001_12_1.jpg,7522_001_131_1.jpg,24549_001_49_0.jpg
20670_001_32_1.jpg,1060_001_104_1.jpg,8938_001_138_1.jpg
6579_001_128_0.jpg,31550_001_77_1.jpg,11951_001_150_0.jpg
34764_001_90_0.jpg,28551_001_65_0.jpg,602_001_102_0.jpg
20759_001_33_0.jpg,34818_001_90_0.jpg,36755_001_9_0.jpg
15347_001_165_0.jpg,10461_001_144_0.jpg,18752_001_25_0.jpg
30713_001_74_0.jpg,30963_001_75_0.jpg,6639_001_128_1.jpg
3028_001_112_1.jpg,21248_001_35_0.jpg,20533_001_32_0.jpg
20865_001_33_1.jpg,22054_001_38_1.jpg,31841_001_78_1.jpg
8263_001_135_0.jpg,23875_001_46_0.jpg,35032_001_91_0.jpg
14294_001_15_1.jpg,22529_001_40_0.jpg,25815_001_54_0.jpg
20892_001_33_1.jpg,10724_001_145_1.jpg,6978_001_12_0.jpg
27118_001_59_1.jpg,18426_001_23_1.jpg,2879_001_111_1.jpg
16767_001_17_0.jpg,18426_001_23_1.jpg,2115_001_109_0.jpg
35021_001_91_0.jpg,12874_001_154_0.jpg,30128_001_71_0.jpg
1322_001_105_1.jpg,32353_001_80_0.jpg,3865_001_116_0.jpg
31124_001_75_1.jpg,28949_001_66_1.jpg,19278_001_27_0.jpg
15949_001_168_0.jpg,11448_001_149_0.jpg,28759_001_66_0.jpg
1437_001_106_0.jpg,10446_001_144_0.jpg,3022_001_112_1.jpg
27284_001_5_1.jpg,6328_001_127_0.jpg,9962_001_142_0.jpg
19143_001_26_1.jpg,3012_001_112_0.jpg,5775_001_124_1.jpg
28880_001_66_1.jpg,22960_001_42_0.jpg,35448_001_93_0.jpg
25917_001_54_1.jpg,32255_001_7_1.jpg,4676_001_11_0.jpg
1111_001_104_1.jpg,26622_001_57_1.jpg,29068_001_67_1.jpg
28448_001_64_1.jpg,28529_001_65_0.jpg,36678_001_9_0.jpg
16583_001_170_0.jpg,29771_001_6_1.jpg,20703_001_32_1.jpg
28698_001_65_1.jpg,15559_001_166_0.jpg,18449_001_23_1.jpg
17904_001_21_0.jpg,21595_001_36_1.jpg,24_001_0_1.jpg
27967_001_62_1.jpg,32932_001_82_1.jpg,35877_001_96_0.jpg
31179_001_75_1.jpg,30948_001_74_1.jpg,24950_001_50_0.jpg
294_001_100_1.jpg,13630_001_157_0.jpg,6804_001_129_0.jpg
9010_001_138_1.jpg,979_001_104_0.jpg,7400_001_131_0.jpg
3907_001_116_1.jpg,28722_001_65_1.jpg,8366_001_135_1.jpg
33368_001_84_1.jpg,12270_001_151_1.jpg,22903_001_41_1.jpg
34017_001_87_1.jpg,1902_001_108_0.jpg,28764_001_66_0.jpg
8540_001_136_1.jpg,30251_001_71_1.jpg,36395_001_98_1.jpg
529_001_102_0.jpg,36861_001_9_1.jpg,29814_001_6_1.jpg
3012_001_112_0.jpg,20513_001_32_0.jpg,33059_001_83_0.jpg
34094_001_88_0.jpg,28083_001_63_0.jpg,34722_001_8_1.jpg
2177_001_109_1.jpg,32388_001_80_0.jpg,23810_001_45_1.jpg
2002_001_108_1.jpg,14214_001_15_0.jpg,22343_001_3_0.jpg
31031_001_75_0.jpg,18866_001_25_1.jpg,25615_001_53_0.jpg
9148_001_139_1.jpg,33947_001_87_0.jpg,11735_001_14_0.jpg
4833_001_120_0.jpg,20057_001_30_0.jpg,26343_001_56_1.jpg
31750_001_78_1.jpg,25838_001_54_0.jpg,16331_001_16_0.jpg
31679_001_78_0.jpg,2541_001_110_0.jpg,35166_001_92_0.jpg
36149_001_97_0.jpg,28571_001_65_0.jpg,24058_001_46_1.jpg
22398_001_3_1.jpg,12344_001_151_1.jpg,18128_001_22_0.jpg
19368_001_27_1.jpg,6907_001_129_1.jpg,29901_001_70_0.jpg
7175_001_130_0.jpg,27316_001_5_1.jpg,5490_001_123_0.jpg
21106_001_34_1.jpg,34543_001_8_0.jpg,15930_001_168_0.jpg
1566_001_106_1.jpg,16970_001_17_1.jpg,7128_001_12_1.jpg
34534_001_8_0.jpg,9734_001_141_0.jpg,14811_001_162_0.jpg
11606_001_149_1.jpg,20731_001_33_0.jpg,8098_001_134_0.jpg
35964_001_96_1.jpg,19121_001_26_1.jpg,4536_001_119_1.jpg
31305_001_76_1.jpg,826_001_103_0.jpg,6230_001_126_1.jpg
6844_001_129_1.jpg,33583_001_85_1.jpg,22187_001_39_1.jpg
30877_001_74_1.jpg,2759_001_111_0.jpg,4544_001_119_1.jpg
20119_001_30_0.jpg,2283_001_10_0.jpg,24041_001_46_1.jpg
22870_001_41_1.jpg,6776_001_129_0.jpg,10866_001_146_0.jpg
7213_001_130_0.jpg,3200_001_113_0.jpg,13960_001_158_1.jpg
26904_001_59_0.jpg,22639_001_40_1.jpg,4536_001_119_1.jpg
35240_001_92_0.jpg,35640_001_95_0.jpg,896_001_103_1.jpg
5244_001_122_0.jpg,5476_001_123_0.jpg,19575_001_28_1.jpg
11723_001_14_0.jpg,31786_001_78_1.jpg,33174_001_83_1.jpg
19121_001_26_1.jpg,35964_001_96_1.jpg,23507_001_44_1.jpg
6196_001_126_1.jpg,31124_001_75_1.jpg,22463_001_3_1.jpg
32215_001_7_1.jpg,24626_001_49_1.jpg,31685_001_78_0.jpg
32912_001_82_1.jpg,32490_001_80_1.jpg,36218_001_97_1.jpg
14228_001_15_0.jpg,22054_001_38_1.jpg,1220_001_105_0.jpg
36499_001_99_0.jpg,12172_001_151_0.jpg,32554_001_81_0.jpg
18955_001_26_0.jpg,35153_001_92_0.jpg,8691_001_137_0.jpg
9914_001_141_1.jpg,29852_001_70_0.jpg,12916_001_154_0.jpg
12700_001_153_0.jpg,752_001_103_0.jpg,32746_001_81_1.jpg
34570_001_8_0.jpg,22903_001_41_1.jpg,13135_001_155_0.jpg
14708_001_161_1.jpg,14513_001_160_1.jpg,21670_001_37_0.jpg
7068_001_12_1.jpg,11809_001_14_1.jpg,18870_001_25_1.jpg
23776_001_45_1.jpg,15996_001_168_1.jpg,2619_001_110_1.jpg
31344_001_76_1.jpg,18224_001_22_1.jpg,18161_001_22_0.jpg
2548_001_110_0.jpg,12448_001_152_0.jpg,2397_001_10_1.jpg
32598_001_81_0.jpg,24448_001_48_1.jpg,15847_001_167_1.jpg
12838_001_154_0.jpg,8374_001_135_1.jpg,3806_001_116_0.jpg
13356_001_156_0.jpg,21297_001_35_1.jpg,20176_001_30_1.jpg
15357_001_165_0.jpg,20761_001_33_0.jpg,18133_001_22_0.jpg
31162_001_75_1.jpg,2293_001_10_0.jpg,4505_001_119_1.jpg
11809_001_14_1.jpg,15151_001_164_0.jpg,12600_001_152_1.jpg
14820_001_162_0.jpg,23230_001_43_0.jpg,33007_001_83_0.jpg
20731_001_33_0.jpg,12324_001_151_1.jpg,21005_001_34_0.jpg
30592_001_73_0.jpg,4922_001_120_1.jpg,2061_001_109_0.jpg
17307_001_19_0.jpg,279_001_100_1.jpg,14438_001_160_0.jpg
34744_001_90_0.jpg,705_001_102_1.jpg,11896_001_150_0.jpg
8451_001_136_0.jpg,3876_001_116_1.jpg,25378_001_52_0.jpg
20089_001_30_0.jpg,4160_001_117_1.jpg,26658_001_57_1.jpg
14584_001_161_0.jpg,6834_001_129_1.jpg,36445_001_98_1.jpg
35997_001_96_1.jpg,9604_001_140_1.jpg,25735_001_53_1.jpg
11299_001_148_0.jpg,14093_001_159_1.jpg,17205_001_18_1.jpg
32036_001_79_1.jpg,25574_001_53_0.jpg,11219_001_147_1.jpg
31093_001_75_1.jpg,4956_001_120_1.jpg,25378_001_52_0.jpg
34369_001_89_0.jpg,2890_001_111_1.jpg,32834_001_82_0.jpg
34354_001_89_0.jpg,35877_001_96_0.jpg,8114_001_134_0.jpg
5144_001_121_1.jpg,10885_001_146_0.jpg,19425_001_28_0.jpg
6755_001_129_0.jpg,6994_001_12_0.jpg,26080_001_55_0.jpg
33933_001_87_0.jpg,1096_001_104_1.jpg,6817_001_129_0.jpg
22655_001_40_1.jpg,25574_001_53_0.jpg,35420_001_93_0.jpg
11022_001_147_0.jpg,11535_001_149_0.jpg,15930_001_168_0.jpg
23516_001_44_1.jpg,7243_001_130_0.jpg,20195_001_30_1.jpg
35747_001_95_1.jpg,31550_001_77_1.jpg,31603_001_77_1.jpg
16970_001_17_1.jpg,500_001_101_1.jpg,13442_001_156_1.jpg
8417_001_135_1.jpg,1570_001_106_1.jpg,36218_001_97_1.jpg
33636_001_85_1.jpg,16473_001_16_1.jpg,27279_001_5_1.jpg
14176_001_15_0.jpg,12683_001_153_0.jpg,529_001_102_0.jpg
6809_001_129_0.jpg,22054_001_38_1.jpg,30186_001_71_1.jpg
22582_001_40_1.jpg,14762_001_162_0.jpg,10724_001_145_1.jpg
24697_001_49_1.jpg,31031_001_75_0.jpg,9893_001_141_1.jpg
31212_001_76_0.jpg,22641_001_40_1.jpg,8687_001_137_0.jpg
22894_001_41_1.jpg,24660_001_49_1.jpg,14081_001_159_1.jpg
33995_001_87_1.jpg,7984_001_133_1.jpg,12872_001_154_0.jpg
28240_001_63_1.jpg,34053_001_87_1.jpg,15476_001_165_1.jpg
34034_001_87_1.jpg,13966_001_159_0.jpg,11562_001_149_1.jpg
30246_001_71_1.jpg,8451_001_136_0.jpg,856_001_103_1.jpg
23197_001_43_0.jpg,34863_001_90_1.jpg,12181_001_151_0.jpg
15267_001_164_1.jpg,10461_001_144_0.jpg,34951_001_91_0.jpg
12833_001_153_1.jpg,30124_001_71_0.jpg,20576_001_32_0.jpg
19625_001_29_0.jpg,27671_001_61_1.jpg,16067_001_168_1.jpg
14024_001_159_0.jpg,7175_001_130_0.jpg,8580_001_136_1.jpg
35618_001_94_1.jpg,13630_001_157_0.jpg,32118_001_7_0.jpg
32953_001_82_1.jpg,31535_001_77_1.jpg,26403_001_56_1.jpg
29691_001_6_0.jpg,21995_001_38_1.jpg,15949_001_168_0.jpg
36395_001_98_1.jpg,30251_001_71_1.jpg,2941_001_112_0.jpg
21507_001_36_0.jpg,728_001_103_0.jpg,11163_001_147_1.jpg
11160_001_147_1.jpg,3575_001_115_0.jpg,11204_001_147_1.jpg
25741_001_53_1.jpg,27237_001_5_1.jpg,29465_001_69_0.jpg
30319_001_72_0.jpg,13857_001_158_1.jpg,33995_001_87_1.jpg
9544_001_140_0.jpg,6852_001_129_1.jpg,9505_001_140_0.jpg
29146_001_67_1.jpg,8177_001_134_1.jpg,25746_001_53_1.jpg
31613_001_78_0.jpg,16473_001_16_1.jpg,31166_001_75_1.jpg
12566_001_152_1.jpg,27237_001_5_1.jpg,29465_001_69_0.jpg
15930_001_168_0.jpg,23073_001_42_1.jpg,23783_001_45_1.jpg
14615_001_161_0.jpg,7888_001_133_0.jpg,19493_001_28_0.jpg
33174_001_83_1.jpg,30737_001_74_0.jpg,9304_001_13_0.jpg
5391_001_122_1.jpg,8155_001_134_1.jpg,24471_001_48_1.jpg
36546_001_99_0.jpg,6075_001_126_0.jpg,12497_001_152_0.jpg
13680_001_157_1.jpg,14399_001_160_0.jpg,35744_001_95_0.jpg
17988_001_21_1.jpg,31124_001_75_1.jpg,23813_001_45_1.jpg
8897_001_138_0.jpg,21656_001_37_0.jpg,25741_001_53_1.jpg
26927_001_59_0.jpg,1645_001_107_0.jpg,8227_001_135_0.jpg
2296_001_10_0.jpg,12076_001_150_1.jpg,14384_001_160_0.jpg
3249_001_113_1.jpg,572_001_102_0.jpg,33093_001_83_1.jpg
21370_001_35_1.jpg,1996_001_108_1.jpg,13359_001_156_0.jpg
1988_001_108_1.jpg,17334_001_19_0.jpg,30755_001_74_0.jpg
31136_001_75_1.jpg,24401_001_48_1.jpg,26677_001_58_0.jpg
5594_001_123_1.jpg,12503_001_152_1.jpg,22437_001_3_1.jpg
6379_001_127_0.jpg,35640_001_95_0.jpg,8089_001_134_0.jpg
847_001_103_1.jpg,7297_001_130_1.jpg,18308_001_23_0.jpg
33621_001_85_1.jpg,13111_001_155_0.jpg,26113_001_55_1.jpg
3721_001_115_1.jpg,28111_001_63_0.jpg,15847_001_167_1.jpg
35255_001_92_1.jpg,12344_001_151_1.jpg,30579_001_73_0.jpg
16727_001_170_1.jpg,34952_001_91_0.jpg,18792_001_25_0.jpg
36761_001_9_0.jpg,1738_001_107_1.jpg,25177_001_51_0.jpg
29898_001_70_0.jpg,27316_001_5_1.jpg,10135_001_142_1.jpg
8617_001_137_0.jpg,14075_001_159_1.jpg,5178_001_121_1.jpg
33509_001_85_0.jpg,896_001_103_1.jpg,17418_001_19_1.jpg
743_001_103_0.jpg,6907_001_129_1.jpg,10528_001_144_1.jpg
32004_001_79_1.jpg,31269_001_76_0.jpg,12744_001_153_1.jpg
24992_001_50_0.jpg,24128_001_47_0.jpg,17418_001_19_1.jpg
9889_001_141_1.jpg,30202_001_71_1.jpg,23940_001_46_0.jpg
29885_001_70_0.jpg,22166_001_39_0.jpg,11896_001_150_0.jpg
7542_001_131_1.jpg,8412_001_135_1.jpg,27118_001_59_1.jpg
18640_001_24_1.jpg,2154_001_109_1.jpg,18057_001_22_0.jpg
17418_001_19_1.jpg,18708_001_24_1.jpg,17921_001_21_0.jpg
25079_001_50_1.jpg,28497_001_64_1.jpg,28497_001_64_1.jpg
13225_001_155_1.jpg,26016_001_55_0.jpg,16396_001_16_0.jpg
32074_001_7_0.jpg,5059_001_121_0.jpg,9308_001_13_0.jpg
32478_001_80_1.jpg,3275_001_113_1.jpg,35955_001_96_1.jpg
10885_001_146_0.jpg,13732_001_157_1.jpg,15809_001_167_1.jpg
29874_001_70_0.jpg,22518_001_40_0.jpg,15183_001_164_0.jpg
218_001_100_1.jpg,5451_001_123_0.jpg,35263_001_92_1.jpg
28433_001_64_1.jpg,22245_001_39_1.jpg,29913_001_70_0.jpg
23770_001_45_1.jpg,14577_001_161_0.jpg,33973_001_87_1.jpg
11448_001_149_0.jpg,7446_001_131_0.jpg,21995_001_38_1.jpg
34277_001_88_1.jpg,14331_001_15_1.jpg,28599_001_65_0.jpg
2765_001_111_0.jpg,16488_001_16_1.jpg,35787_001_95_1.jpg
16534_001_16_1.jpg,23626_001_45_0.jpg,19229_001_27_0.jpg
27223_001_5_0.jpg,12874_001_154_0.jpg,25882_001_54_0.jpg
25674_001_53_1.jpg,6976_001_12_0.jpg,8227_001_135_0.jpg
17602_001_1_1.jpg,19768_001_29_1.jpg,36218_001_97_1.jpg
14150_001_15_0.jpg,729_001_103_0.jpg,27610_001_61_0.jpg
10845_001_146_0.jpg,26055_001_55_0.jpg,35260_001_92_1.jpg
1271_001_105_1.jpg,12344_001_151_1.jpg,35501_001_93_1.jpg
17629_001_20_0.jpg,14778_001_162_0.jpg,19814_001_29_1.jpg
2619_001_110_1.jpg,34845_001_90_1.jpg,401_001_101_0.jpg
18704_001_24_1.jpg,5490_001_123_0.jpg,7341_001_130_1.jpg
25887_001_54_0.jpg,21761_001_37_1.jpg,1898_001_108_0.jpg
16637_001_170_0.jpg,34506_001_89_1.jpg,3816_001_116_0.jpg
29348_001_68_1.jpg,13225_001_155_1.jpg,24670_001_49_1.jpg
1898_001_108_0.jpg,29727_001_6_0.jpg,9649_001_140_1.jpg
11549_001_149_0.jpg,29650_001_6_0.jpg,19820_001_29_1.jpg
12163_001_151_0.jpg,24128_001_47_0.jpg,36140_001_97_0.jpg
36185_001_97_1.jpg,30534_001_73_0.jpg,32100_001_7_0.jpg
23546_001_44_1.jpg,705_001_102_1.jpg,18966_001_26_0.jpg
6962_001_12_0.jpg,4424_001_119_0.jpg,28949_001_66_1.jpg
27202_001_5_0.jpg,11851_001_14_1.jpg,33767_001_86_1.jpg
6682_001_128_1.jpg,21297_001_35_1.jpg,10244_001_143_0.jpg
29150_001_67_1.jpg,33951_001_87_0.jpg,265_001_100_1.jpg
33781_001_86_1.jpg,34022_001_87_1.jpg,17443_001_1_0.jpg
12877_001_154_0.jpg,5547_001_123_1.jpg,18081_001_22_0.jpg
14868_001_162_0.jpg,22063_001_39_0.jpg,22346_001_3_0.jpg
22516_001_40_0.jpg,19121_001_26_1.jpg,4536_001_119_1.jpg
26071_001_55_0.jpg,5464_001_123_0.jpg,23555_001_44_1.jpg
13454_001_156_1.jpg,35640_001_95_0.jpg,35255_001_92_1.jpg
29144_001_67_1.jpg,3606_001_115_0.jpg,389_001_101_0.jpg
6126_001_126_0.jpg,27353_001_60_0.jpg,12578_001_152_1.jpg
5713_001_124_0.jpg,12893_001_154_0.jpg,4947_001_120_1.jpg
17924_001_21_0.jpg,11866_001_14_1.jpg,11862_001_14_1.jpg
6193_001_126_1.jpg,35240_001_92_0.jpg,29373_001_68_1.jpg
5145_001_121_1.jpg,33951_001_87_0.jpg,32779_001_82_0.jpg
19715_001_29_0.jpg,3684_001_115_1.jpg,7597_001_132_0.jpg
35445_001_93_0.jpg,24707_001_49_1.jpg,28571_001_65_0.jpg
1878_001_108_0.jpg,1645_001_107_0.jpg,29996_001_70_1.jpg
8691_001_137_0.jpg,26285_001_56_0.jpg,18955_001_26_0.jpg
4196_001_118_0.jpg,10536_001_144_1.jpg,24191_001_47_1.jpg
4947_001_120_1.jpg,26005_001_55_0.jpg,25765_001_53_1.jpg
35020_001_91_0.jpg,9694_001_140_1.jpg,24261_001_47_1.jpg
5893_001_125_0.jpg,444_001_101_1.jpg,3913_001_116_1.jpg
31035_001_75_0.jpg,6868_001_129_1.jpg,7505_001_131_1.jpg
28408_001_64_1.jpg,33328_001_84_1.jpg,14811_001_162_0.jpg
7075_001_12_1.jpg,16175_001_169_0.jpg,32420_001_80_1.jpg
11980_001_150_0.jpg,13680_001_157_1.jpg,602_001_102_0.jpg
32700_001_81_1.jpg,29413_001_69_0.jpg,18866_001_25_1.jpg
4895_001_120_0.jpg,378_001_101_0.jpg,34274_001_88_1.jpg
29746_001_6_1.jpg,21612_001_36_1.jpg,5338_001_122_1.jpg
16818_001_17_0.jpg,30713_001_74_0.jpg,12833_001_153_1.jpg
6034_001_125_1.jpg,31535_001_77_1.jpg,31458_001_77_0.jpg
20822_001_33_0.jpg,826_001_103_0.jpg,8991_001_138_1.jpg
9575_001_140_0.jpg,22629_001_40_1.jpg,28997_001_67_0.jpg
35612_001_94_1.jpg,8954_001_138_1.jpg,5221_001_122_0.jpg
2961_001_112_0.jpg,20703_001_32_1.jpg,1645_001_107_0.jpg
24051_001_46_1.jpg,32700_001_81_1.jpg,19423_001_28_0.jpg
444_001_101_1.jpg,16323_001_16_0.jpg,25017_001_50_0.jpg
14619_001_161_0.jpg,26005_001_55_0.jpg,23872_001_46_0.jpg
34921_001_90_1.jpg,10131_001_142_1.jpg,17388_001_19_1.jpg
19687_001_29_0.jpg,10312_001_143_1.jpg,11819_001_14_1.jpg
27353_001_60_0.jpg,6126_001_126_0.jpg,32178_001_7_1.jpg
14984_001_163_0.jpg,30438_001_72_1.jpg,8452_001_136_0.jpg
14862_001_162_0.jpg,22655_001_40_1.jpg,25574_001_53_0.jpg
29905_001_70_0.jpg,771_001_103_0.jpg,27252_001_5_1.jpg
30718_001_74_0.jpg,2545_001_110_0.jpg,4250_001_118_0.jpg
11735_001_14_0.jpg,33774_001_86_1.jpg,9148_001_139_1.jpg
33979_001_87_1.jpg,25563_001_53_0.jpg,19584_001_28_1.jpg
3967_001_116_1.jpg,24111_001_47_0.jpg,27093_001_59_1.jpg
31881_001_79_0.jpg,9484_001_13_1.jpg,10322_001_143_1.jpg
24647_001_49_1.jpg,1060_001_104_1.jpg,27948_001_62_1.jpg
10026_001_142_0.jpg,27372_001_60_0.jpg,3015_001_112_0.jpg
32663_001_81_1.jpg,4160_001_117_1.jpg,11166_001_147_1.jpg
13712_001_157_1.jpg,4863_001_120_0.jpg,15183_001_164_0.jpg
12929_001_154_0.jpg,3022_001_112_1.jpg,2111_001_109_0.jpg
9734_001_141_0.jpg,1745_001_107_1.jpg,22903_001_41_1.jpg
8878_001_138_0.jpg,24157_001_47_0.jpg,295_001_100_1.jpg
22518_001_40_0.jpg,15183_001_164_0.jpg,27449_001_60_1.jpg
10475_001_144_0.jpg,3556_001_115_0.jpg,4505_001_119_1.jpg
24157_001_47_0.jpg,5819_001_124_1.jpg,13637_001_157_1.jpg
32193_001_7_1.jpg,10392_001_144_0.jpg,3917_001_116_1.jpg
25479_001_52_1.jpg,29692_001_6_0.jpg,20746_001_33_0.jpg
32985_001_83_0.jpg,33368_001_84_1.jpg,5775_001_124_1.jpg
32009_001_79_1.jpg,21297_001_35_1.jpg,26986_001_59_0.jpg
248_001_100_1.jpg,11242_001_148_0.jpg,11608_001_149_1.jpg
25223_001_51_0.jpg,11006_001_146_1.jpg,1924_001_108_1.jpg
19838_001_29_1.jpg,9800_001_141_0.jpg,10135_001_142_1.jpg
26907_001_59_0.jpg,6609_001_128_0.jpg,18709_001_24_1.jpg
20255_001_30_1.jpg,11866_001_14_1.jpg,11862_001_14_1.jpg
18105_001_22_0.jpg,25746_001_53_1.jpg,30700_001_73_1.jpg
33740_001_86_0.jpg,3275_001_113_1.jpg,19050_001_26_1.jpg
12431_001_152_0.jpg,1827_001_108_0.jpg,26696_001_58_0.jpg
24527_001_49_0.jpg,31216_001_76_0.jpg,20619_001_32_1.jpg
5803_001_124_1.jpg,5929_001_125_0.jpg,32605_001_81_0.jpg
10412_001_144_0.jpg,4684_001_11_0.jpg,11066_001_147_0.jpg
2463_001_10_1.jpg,22418_001_3_1.jpg,35120_001_91_1.jpg
18598_001_24_0.jpg,27451_001_60_1.jpg,13890_001_158_1.jpg
2061_001_109_0.jpg,11535_001_149_0.jpg,30592_001_73_0.jpg
2775_001_111_0.jpg,27568_001_61_0.jpg,5775_001_124_1.jpg
26281_001_56_0.jpg,14625_001_161_0.jpg,20442_001_31_1.jpg
10535_001_144_1.jpg,9071_001_139_0.jpg,10464_001_144_0.jpg
32409_001_80_1.jpg,22963_001_42_0.jpg,21750_001_37_1.jpg
29895_001_70_0.jpg,23230_001_43_0.jpg,31162_001_75_1.jpg
1815_001_108_0.jpg,4863_001_120_0.jpg,19675_001_29_0.jpg
27300_001_5_1.jpg,668_001_102_1.jpg,1221_001_105_0.jpg
30120_001_71_0.jpg,4970_001_120_1.jpg,26725_001_58_0.jpg
7672_001_132_0.jpg,9005_001_138_1.jpg,14228_001_15_0.jpg
4970_001_120_1.jpg,5119_001_121_1.jpg,8979_001_138_1.jpg
35182_001_92_0.jpg,19838_001_29_1.jpg,3293_001_113_1.jpg
32454_001_80_1.jpg,9530_001_140_0.jpg,18481_001_23_1.jpg
36214_001_97_1.jpg,27099_001_59_1.jpg,30069_001_71_0.jpg
19760_001_29_1.jpg,22639_001_40_1.jpg,4536_001_119_1.jpg
27154_001_5_0.jpg,4938_001_120_1.jpg,24479_001_48_1.jpg
32947_001_82_1.jpg,10856_001_146_0.jpg,32113_001_7_0.jpg
26555_001_57_1.jpg,16473_001_16_1.jpg,15621_001_166_1.jpg
2134_001_109_0.jpg,5752_001_124_0.jpg,34589_001_8_0.jpg
14307_001_15_1.jpg,18000_001_21_1.jpg,5775_001_124_1.jpg
27481_001_60_1.jpg,10412_001_144_0.jpg,21938_001_38_0.jpg
1887_001_108_0.jpg,36148_001_97_0.jpg,1026_001_104_0.jpg
2283_001_10_0.jpg,18137_001_22_0.jpg,20586_001_32_0.jpg
33007_001_83_0.jpg,14150_001_15_0.jpg,14820_001_162_0.jpg
21761_001_37_1.jpg,25887_001_54_0.jpg,19625_001_29_0.jpg
6749_001_129_0.jpg,4863_001_120_0.jpg,29874_001_70_0.jpg
2225_001_109_1.jpg,27451_001_60_1.jpg,5242_001_122_0.jpg
14623_001_161_0.jpg,5396_001_122_1.jpg,2331_001_10_0.jpg
18849_001_25_1.jpg,10349_001_143_1.jpg,25406_001_52_0.jpg
21297_001_35_1.jpg,21632_001_37_0.jpg,35059_001_91_1.jpg
7830_001_133_0.jpg,29691_001_6_0.jpg,31189_001_76_0.jpg
26060_001_55_0.jpg,35450_001_93_0.jpg,15476_001_165_1.jpg
811_001_103_0.jpg,30963_001_75_0.jpg,36500_001_99_0.jpg
21441_001_36_0.jpg,12130_001_150_1.jpg,19715_001_29_0.jpg
35029_001_91_0.jpg,4863_001_120_0.jpg,438_001_101_1.jpg
21346_001_35_1.jpg,35123_001_91_1.jpg,6258_001_126_1.jpg
23257_001_43_1.jpg,14479_001_160_1.jpg,9423_001_13_1.jpg
8114_001_134_0.jpg,18748_001_25_0.jpg,19050_001_26_1.jpg
26677_001_58_0.jpg,10275_001_143_1.jpg,10376_001_143_1.jpg
4160_001_117_1.jpg,22963_001_42_0.jpg,29068_001_67_1.jpg
24985_001_50_0.jpg,23073_001_42_1.jpg,21106_001_34_1.jpg
17388_001_19_1.jpg,13722_001_157_1.jpg,26413_001_56_1.jpg
21998_001_38_1.jpg,881_001_103_1.jpg,5920_001_125_0.jpg
28188_001_63_1.jpg,14611_001_161_0.jpg,28870_001_66_1.jpg
6609_001_128_0.jpg,6454_001_127_1.jpg,10078_001_142_1.jpg
21125_001_34_1.jpg,19214_001_27_0.jpg,13934_001_158_1.jpg
8217_001_135_0.jpg,440_001_101_1.jpg,34421_001_89_1.jpg
4606_001_11_0.jpg,36678_001_9_0.jpg,35587_001_94_1.jpg
35348_001_92_1.jpg,1966_001_108_1.jpg,27818_001_62_0.jpg
26285_001_56_0.jpg,24401_001_48_1.jpg,13876_001_158_1.jpg
3783_001_116_0.jpg,8412_001_135_1.jpg,18057_001_22_0.jpg
35877_001_96_0.jpg,2545_001_110_0.jpg,31067_001_75_1.jpg
12280_001_151_1.jpg,6075_001_126_0.jpg,3219_001_113_0.jpg
8331_001_135_1.jpg,32759_001_82_0.jpg,30518_001_73_0.jpg
30667_001_73_1.jpg,1898_001_108_0.jpg,19625_001_29_0.jpg
33645_001_86_0.jpg,21595_001_36_1.jpg,13302_001_156_0.jpg
284_001_100_1.jpg,19278_001_27_0.jpg,11942_001_150_0.jpg
25749_001_53_1.jpg,35857_001_96_0.jpg,8480_001_136_0.jpg
21594_001_36_1.jpg,27799_001_62_0.jpg,35515_001_93_1.jpg
21134_001_34_1.jpg,6872_001_129_1.jpg,30349_001_72_0.jpg
2890_001_111_1.jpg,13442_001_156_1.jpg,5490_001_123_0.jpg
3230_001_113_1.jpg,25948_001_54_1.jpg,19191_001_27_0.jpg
36113_001_97_0.jpg,10461_001_144_0.jpg,18322_001_23_0.jpg
29168_001_67_1.jpg,7619_001_132_0.jpg,248_001_100_1.jpg
14399_001_160_0.jpg,2352_001_10_0.jpg,23541_001_44_1.jpg
18522_001_24_0.jpg,31312_001_76_1.jpg,14225_001_15_0.jpg
8155_001_134_1.jpg,5391_001_122_1.jpg,15930_001_168_0.jpg
16740_001_170_1.jpg,18792_001_25_0.jpg,8814_001_137_1.jpg
4293_001_118_1.jpg,31458_001_77_0.jpg,34107_001_88_0.jpg
36296_001_98_0.jpg,36049_001_97_0.jpg,17418_001_19_1.jpg
35076_001_91_1.jpg,14868_001_162_0.jpg,34714_001_8_1.jpg
32861_001_82_0.jpg,10856_001_146_0.jpg,25102_001_50_1.jpg
11275_001_148_0.jpg,21005_001_34_0.jpg,35091_001_91_1.jpg
34771_001_90_0.jpg,7627_001_132_0.jpg,36786_001_9_1.jpg
10756_001_145_1.jpg,20289_001_31_0.jpg,33112_001_83_1.jpg
482_001_101_1.jpg,25416_001_52_0.jpg,23433_001_44_0.jpg
22629_001_40_1.jpg,30067_001_71_0.jpg,33059_001_83_0.jpg
29465_001_69_0.jpg,21656_001_37_0.jpg,12566_001_152_1.jpg
28142_001_63_1.jpg,728_001_103_0.jpg,8588_001_136_1.jpg
9304_001_13_0.jpg,35125_001_91_1.jpg,5480_001_123_0.jpg
17843_001_21_0.jpg,466_001_101_1.jpg,35755_001_95_1.jpg
23031_001_42_1.jpg,3253_001_113_1.jpg,21878_001_38_0.jpg
14921_001_162_1.jpg,6628_001_128_1.jpg,19076_001_26_1.jpg
3575_001_115_0.jpg,18522_001_24_0.jpg,31165_001_75_1.jpg
1806_001_108_0.jpg,10722_001_145_1.jpg,32587_001_81_0.jpg
31084_001_75_1.jpg,30067_001_71_0.jpg,14811_001_162_0.jpg
36500_001_99_0.jpg,15673_001_167_0.jpg,12881_001_154_0.jpg
16934_001_17_1.jpg,13890_001_158_1.jpg,24725_001_49_1.jpg
4577_001_119_1.jpg,22418_001_3_1.jpg,404_001_101_0.jpg
6398_001_127_1.jpg,11809_001_14_1.jpg,9423_001_13_1.jpg
12324_001_151_1.jpg,20761_001_33_0.jpg,36678_001_9_0.jpg
6702_001_128_1.jpg,36760_001_9_0.jpg,26071_001_55_0.jpg
1741_001_107_1.jpg,3876_001_116_1.jpg,13743_001_158_0.jpg
5348_001_122_1.jpg,3684_001_115_1.jpg,19715_001_29_0.jpg
30948_001_74_1.jpg,19365_001_27_1.jpg,27252_001_5_1.jpg
24949_001_50_0.jpg,14808_001_162_0.jpg,5210_001_121_1.jpg
3668_001_115_1.jpg,5490_001_123_0.jpg,2569_001_110_0.jpg
12170_001_151_0.jpg,1268_001_105_1.jpg,36636_001_99_1.jpg
20189_001_30_1.jpg,23247_001_43_0.jpg,6032_001_125_1.jpg
34506_001_89_1.jpg,15435_001_165_1.jpg,8620_001_137_0.jpg
10558_001_144_1.jpg,1842_001_108_0.jpg,8684_001_137_0.jpg
2906_001_111_1.jpg,6862_001_129_1.jpg,20576_001_32_0.jpg
9333_001_13_0.jpg,32054_001_79_1.jpg,23507_001_44_1.jpg
23286_001_43_1.jpg,27237_001_5_1.jpg,29465_001_69_0.jpg
15032_001_163_0.jpg,6962_001_12_0.jpg,7511_001_131_1.jpg
26359_001_56_1.jpg,32697_001_81_1.jpg,3908_001_116_1.jpg
30069_001_71_0.jpg,25927_001_54_1.jpg,5708_001_124_0.jpg
6872_001_129_1.jpg,21134_001_34_1.jpg,10464_001_144_0.jpg
16838_001_17_0.jpg,19453_001_28_0.jpg,5396_001_122_1.jpg
22113_001_39_0.jpg,3948_001_116_1.jpg,35654_001_95_0.jpg
24532_001_49_0.jpg,9494_001_140_0.jpg,30038_001_70_1.jpg
29259_001_68_0.jpg,27520_001_60_1.jpg,27766_001_61_1.jpg
18082_001_22_0.jpg,24474_001_48_1.jpg,11484_001_149_0.jpg
11166_001_147_1.jpg,32409_001_80_1.jpg,8888_001_138_0.jpg
17213_001_18_1.jpg,28443_001_64_1.jpg,7181_001_130_0.jpg
9962_001_142_0.jpg,5345_001_122_1.jpg,4560_001_119_1.jpg
11926_001_150_0.jpg,25955_001_54_1.jpg,7130_001_12_1.jpg
23336_001_43_1.jpg,34718_001_8_1.jpg,1135_001_104_1.jpg
21360_001_35_1.jpg,17226_001_19_0.jpg,9188_001_139_1.jpg
6104_001_126_0.jpg,24946_001_50_0.jpg,36636_001_99_1.jpg
22146_001_39_0.jpg,10845_001_146_0.jpg,27316_001_5_1.jpg
14378_001_160_0.jpg,21552_001_36_1.jpg,33720_001_86_0.jpg
25746_001_53_1.jpg,24949_001_50_0.jpg,29146_001_67_1.jpg
5939_001_125_0.jpg,23010_001_42_0.jpg,3203_001_113_0.jpg
7627_001_132_0.jpg,5070_001_121_0.jpg,4776_001_11_1.jpg
17471_001_1_0.jpg,15104_001_163_1.jpg,32100_001_7_0.jpg
22567_001_40_0.jpg,572_001_102_0.jpg,18540_001_24_0.jpg
24673_001_49_1.jpg,10930_001_146_1.jpg,25735_001_53_1.jpg
10429_001_144_0.jpg,27558_001_61_0.jpg,2871_001_111_1.jpg
20291_001_31_0.jpg,33553_001_85_1.jpg,33767_001_86_1.jpg
22641_001_40_1.jpg,378_001_101_0.jpg,19416_001_28_0.jpg
13916_001_158_1.jpg,4074_001_117_1.jpg,35483_001_93_1.jpg
2558_001_110_0.jpg,12245_001_151_0.jpg,10253_001_143_0.jpg
35153_001_92_0.jpg,21005_001_34_0.jpg,6852_001_129_1.jpg
33130_001_83_1.jpg,1104_001_104_1.jpg,28055_001_63_0.jpg
4580_001_119_1.jpg,26298_001_56_0.jpg,31746_001_78_1.jpg
20876_001_33_1.jpg,11068_001_147_0.jpg,3066_001_112_1.jpg
1565_001_106_1.jpg,5386_001_122_1.jpg,20576_001_32_0.jpg
9672_001_140_1.jpg,12375_001_152_0.jpg,8048_001_134_0.jpg
20026_001_2_1.jpg,30067_001_71_0.jpg,5084_001_121_0.jpg
27279_001_5_1.jpg,12280_001_151_1.jpg,4606_001_11_0.jpg
14331_001_15_1.jpg,24946_001_50_0.jpg,29708_001_6_0.jpg
10474_001_144_0.jpg,26633_001_57_1.jpg,26725_001_58_0.jpg
17995_001_21_1.jpg,2680_001_110_1.jpg,29563_001_69_1.jpg
8991_001_138_1.jpg,30410_001_72_1.jpg,11080_001_147_0.jpg
208_001_100_1.jpg,14868_001_162_0.jpg,6994_001_12_0.jpg
35647_001_95_0.jpg,19768_001_29_1.jpg,6686_001_128_1.jpg
3571_001_115_0.jpg,32995_001_83_0.jpg,15303_001_164_1.jpg
35035_001_91_0.jpg,14862_001_162_0.jpg,23257_001_43_1.jpg
9913_001_141_1.jpg,5369_001_122_1.jpg,22343_001_3_0.jpg
2958_001_112_0.jpg,29465_001_69_0.jpg,5379_001_122_1.jpg
351_001_101_0.jpg,34818_001_90_0.jpg,7035_001_12_0.jpg
28306_001_64_0.jpg,2188_001_109_1.jpg,10151_001_142_1.jpg
18037_001_21_1.jpg,26835_001_58_1.jpg,16990_001_18_0.jpg
32114_001_7_0.jpg,25416_001_52_0.jpg,23433_001_44_0.jpg
449_001_101_1.jpg,17218_001_19_0.jpg,7074_001_12_1.jpg
24165_001_47_0.jpg,14601_001_161_0.jpg,26466_001_57_0.jpg
35460_001_93_0.jpg,22960_001_42_0.jpg,15762_001_167_0.jpg
23182_001_43_0.jpg,14682_001_161_1.jpg,19509_001_28_0.jpg
17698_001_20_0.jpg,4139_001_117_1.jpg,30774_001_74_0.jpg
26295_001_56_0.jpg,19005_001_26_0.jpg,7505_001_131_1.jpg
4295_001_118_1.jpg,17334_001_19_0.jpg,12683_001_153_0.jpg
28620_001_65_0.jpg,5811_001_124_1.jpg,31688_001_78_0.jpg
21310_001_35_1.jpg,11618_001_149_1.jpg,26826_001_58_1.jpg
5477_001_123_0.jpg,28529_001_65_0.jpg,36678_001_9_0.jpg
27954_001_62_1.jpg,14664_001_161_1.jpg,30894_001_74_1.jpg
34691_001_8_1.jpg,1461_001_106_0.jpg,32587_001_81_0.jpg
7703_001_132_1.jpg,14611_001_161_0.jpg,24035_001_46_1.jpg
31653_001_78_0.jpg,27568_001_61_0.jpg,32100_001_7_0.jpg
29826_001_6_1.jpg,2283_001_10_0.jpg,21141_001_34_1.jpg
2680_001_110_1.jpg,6907_001_129_1.jpg,2115_001_109_0.jpg
602_001_102_0.jpg,1104_001_104_1.jpg,8971_001_138_1.jpg
22535_001_40_0.jpg,14601_001_161_0.jpg,26466_001_57_0.jpg
3053_001_112_1.jpg,23862_001_46_0.jpg,9850_001_141_1.jpg
826_001_103_0.jpg,28125_001_63_0.jpg,8048_001_134_0.jpg
32246_001_7_1.jpg,12344_001_151_1.jpg,18128_001_22_0.jpg
23337_001_43_1.jpg,25765_001_53_1.jpg,18909_001_25_1.jpg
9259_001_139_1.jpg,28240_001_63_1.jpg,15476_001_165_1.jpg
279_001_100_1.jpg,24091_001_47_0.jpg,4606_001_11_0.jpg
692_001_102_1.jpg,26796_001_58_1.jpg,18520_001_24_0.jpg
19484_001_28_0.jpg,28240_001_63_1.jpg,15476_001_165_1.jpg
28102_001_63_0.jpg,22639_001_40_1.jpg,27631_001_61_0.jpg
295_001_100_1.jpg,18758_001_25_0.jpg,29072_001_67_1.jpg
10328_001_143_1.jpg,31738_001_78_1.jpg,20865_001_33_1.jpg
30894_001_74_1.jpg,25838_001_54_0.jpg,20345_001_31_0.jpg
1598_001_107_0.jpg,3737_001_115_1.jpg,6977_001_12_0.jpg
6429_001_127_1.jpg,28902_001_66_1.jpg,33767_001_86_1.jpg
27766_001_61_1.jpg,28111_001_63_0.jpg,28620_001_65_0.jpg
1738_001_107_1.jpg,8597_001_136_1.jpg,7887_001_133_0.jpg
265_001_100_1.jpg,705_001_102_1.jpg,31900_001_79_0.jpg
28611_001_65_0.jpg,34234_001_88_1.jpg,27105_001_59_1.jpg
10536_001_144_1.jpg,19365_001_27_1.jpg,18136_001_22_0.jpg
5597_001_123_1.jpg,6911_001_129_1.jpg,35182_001_92_0.jpg
8684_001_137_0.jpg,1842_001_108_0.jpg,33905_001_87_0.jpg
27891_001_62_0.jpg,29826_001_6_1.jpg,36724_001_9_0.jpg
10295_001_143_1.jpg,18498_001_24_0.jpg,19726_001_29_0.jpg
14022_001_159_0.jpg,31458_001_77_0.jpg,861_001_103_1.jpg
11851_001_14_1.jpg,3737_001_115_1.jpg,30526_001_73_0.jpg
979_001_104_0.jpg,14825_001_162_0.jpg,9152_001_139_1.jpg
23392_001_44_0.jpg,5059_001_121_0.jpg,12924_001_154_0.jpg
17619_001_1_1.jpg,22518_001_40_0.jpg,18564_001_24_0.jpg
25484_001_52_1.jpg,20289_001_31_0.jpg,10756_001_145_1.jpg
15762_001_167_0.jpg,36790_001_9_1.jpg,15621_001_166_1.jpg
24714_001_49_1.jpg,31550_001_77_1.jpg,7231_001_130_0.jpg
35424_001_93_0.jpg,24527_001_49_0.jpg,31216_001_76_0.jpg
16988_001_17_1.jpg,5223_001_122_0.jpg,23087_001_42_1.jpg
6212_001_126_1.jpg,4990_001_120_1.jpg,19828_001_29_1.jpg
22090_001_39_0.jpg,19365_001_27_1.jpg,20841_001_33_1.jpg
18027_001_21_1.jpg,22944_001_42_0.jpg,8205_001_134_1.jpg
8348_001_135_1.jpg,1461_001_106_0.jpg,542_001_102_0.jpg
9571_001_140_0.jpg,717_001_102_1.jpg,24997_001_50_0.jpg
18481_001_23_1.jpg,2869_001_111_1.jpg,26377_001_56_1.jpg
16177_001_169_0.jpg,27710_001_61_1.jpg,19762_001_29_1.jpg
6016_001_125_1.jpg,32932_001_82_1.jpg,34997_001_91_0.jpg
23478_001_44_0.jpg,11013_001_146_1.jpg,19828_001_29_1.jpg
18917_001_25_1.jpg,25484_001_52_1.jpg,25484_001_52_1.jpg
1790_001_107_1.jpg,22071_001_39_0.jpg,5396_001_122_1.jpg
28395_001_64_1.jpg,12683_001_153_0.jpg,14549_001_161_0.jpg
31530_001_77_1.jpg,17691_001_20_0.jpg,22531_001_40_0.jpg
18852_001_25_1.jpg,34017_001_87_1.jpg,7132_001_12_1.jpg
4219_001_118_0.jpg,4143_001_117_1.jpg,34656_001_8_1.jpg
20153_001_30_0.jpg,1111_001_104_1.jpg,758_001_103_0.jpg
6686_001_128_1.jpg,1570_001_106_1.jpg,36218_001_97_1.jpg
27244_001_5_1.jpg,31535_001_77_1.jpg,32953_001_82_1.jpg
33655_001_86_0.jpg,26835_001_58_1.jpg,35787_001_95_1.jpg
22911_001_41_1.jpg,5668_001_124_0.jpg,26946_001_59_0.jpg
25752_001_53_1.jpg,5391_001_122_1.jpg,20570_001_32_0.jpg
25416_001_52_0.jpg,33891_001_87_0.jpg,17765_001_20_1.jpg
29837_001_70_0.jpg,36058_001_97_0.jpg,19532_001_28_1.jpg
6490_001_127_1.jpg,33214_001_84_0.jpg,16829_001_17_0.jpg
23671_001_45_0.jpg,26189_001_55_1.jpg,1924_001_108_1.jpg
10948_001_146_1.jpg,16503_001_16_1.jpg,13549_001_157_0.jpg
15303_001_164_1.jpg,26016_001_55_0.jpg,13225_001_155_1.jpg
16945_001_17_1.jpg,4058_001_117_0.jpg,30598_001_73_0.jpg
5043_001_121_0.jpg,34354_001_89_0.jpg,4904_001_120_1.jpg
13542_001_157_0.jpg,16473_001_16_1.jpg,25065_001_50_1.jpg
19828_001_29_1.jpg,4475_001_119_0.jpg,13989_001_159_0.jpg
13912_001_158_1.jpg,572_001_102_0.jpg,15613_001_166_0.jpg
9005_001_138_1.jpg,22054_001_38_1.jpg,749_001_103_0.jpg
30140_001_71_0.jpg,36760_001_9_0.jpg,6702_001_128_1.jpg
32735_001_81_1.jpg,1729_001_107_1.jpg,22463_001_3_1.jpg
4475_001_119_0.jpg,19005_001_26_0.jpg,23478_001_44_0.jpg
20942_001_34_0.jpg,972_001_104_0.jpg,972_001_104_0.jpg
7965_001_133_1.jpg,35048_001_91_1.jpg,25025_001_50_1.jpg
13966_001_159_0.jpg,18374_001_23_0.jpg,4295_001_118_1.jpg
18404_001_23_1.jpg,6941_001_129_1.jpg,24_001_0_1.jpg
27237_001_5_1.jpg,21656_001_37_0.jpg,12566_001_152_1.jpg
21248_001_35_0.jpg,10222_001_143_0.jpg,24492_001_48_1.jpg
29052_001_67_0.jpg,14708_001_161_1.jpg,17443_001_1_0.jpg
716_001_102_1.jpg,21612_001_36_1.jpg,14833_001_162_0.jpg
18748_001_25_0.jpg,4947_001_120_1.jpg,6639_001_128_1.jpg
705_001_102_1.jpg,5145_001_121_1.jpg,2680_001_110_1.jpg
30614_001_73_1.jpg,27967_001_62_1.jpg,16818_001_17_0.jpg
21002_001_34_0.jpg,4232_001_118_0.jpg,15362_001_165_0.jpg
16747_001_170_1.jpg,21567_001_36_1.jpg,14730_001_161_1.jpg
32113_001_7_0.jpg,12635_001_153_0.jpg,33933_001_87_0.jpg
9558_001_140_0.jpg,1268_001_105_1.jpg,26239_001_56_0.jpg
4684_001_11_0.jpg,27558_001_61_0.jpg,15985_001_168_0.jpg
22185_001_39_1.jpg,1738_001_107_1.jpg,10132_001_142_1.jpg
14572_001_161_0.jpg,466_001_101_1.jpg,17843_001_21_0.jpg
4350_001_118_1.jpg,30438_001_72_1.jpg,7673_001_132_0.jpg
6526_001_128_0.jpg,6515_001_128_0.jpg,31968_001_79_1.jpg
8354_001_135_1.jpg,391_001_101_0.jpg,22043_001_38_1.jpg
14003_001_159_0.jpg,36649_001_99_1.jpg,24156_001_47_0.jpg
18402_001_23_1.jpg,18355_001_23_0.jpg,25928_001_54_1.jpg
12779_001_153_1.jpg,17418_001_19_1.jpg,1824_001_108_0.jpg
34997_001_91_0.jpg,21518_001_36_1.jpg,6016_001_125_1.jpg
32554_001_81_0.jpg,12172_001_151_0.jpg,18307_001_23_0.jpg
13779_001_158_0.jpg,13966_001_159_0.jpg,2619_001_110_1.jpg
14762_001_162_0.jpg,6978_001_12_0.jpg,32261_001_7_1.jpg
18081_001_22_0.jpg,12877_001_154_0.jpg,22740_001_41_0.jpg
31738_001_78_1.jpg,23230_001_43_0.jpg,17921_001_21_0.jpg
7245_001_130_0.jpg,35708_001_95_0.jpg,7106_001_12_1.jpg
23507_001_44_1.jpg,5507_001_123_0.jpg,31201_001_76_0.jpg
24411_001_48_1.jpg,18224_001_22_1.jpg,6804_001_129_0.jpg
32526_001_81_0.jpg,1842_001_108_0.jpg,33905_001_87_0.jpg
25920_001_54_1.jpg,9036_001_139_0.jpg,9042_001_139_0.jpg
32165_001_7_0.jpg,15666_001_166_1.jpg,18424_001_23_1.jpg
21995_001_38_1.jpg,2553_001_110_0.jpg,7458_001_131_0.jpg
12076_001_150_1.jpg,21056_001_34_0.jpg,24714_001_49_1.jpg
6628_001_128_1.jpg,30852_001_74_1.jpg,28426_001_64_1.jpg
5811_001_124_1.jpg,31926_001_79_0.jpg,24125_001_47_0.jpg
11115_001_147_0.jpg,27967_001_62_1.jpg,12513_001_152_1.jpg
28772_001_66_0.jpg,539_001_102_0.jpg,30120_001_71_0.jpg
15203_001_164_0.jpg,1983_001_108_1.jpg,3755_001_115_1.jpg
12772_001_153_1.jpg,2463_001_10_1.jpg,8366_001_135_1.jpg
24448_001_48_1.jpg,28111_001_63_0.jpg,28620_001_65_0.jpg
7425_001_131_0.jpg,36611_001_99_1.jpg,16223_001_169_1.jpg
1924_001_108_1.jpg,32382_001_80_0.jpg,20067_001_30_0.jpg
12744_001_153_1.jpg,33410_001_84_1.jpg,20186_001_30_1.jpg
24457_001_48_1.jpg,33908_001_87_0.jpg,31841_001_78_1.jpg
12790_001_153_1.jpg,6852_001_129_1.jpg,31366_001_76_1.jpg
36339_001_98_0.jpg,26055_001_55_0.jpg,29058_001_67_0.jpg
10376_001_143_1.jpg,27613_001_61_0.jpg,3868_001_116_0.jpg
9315_001_13_0.jpg,20324_001_31_0.jpg,5698_001_124_0.jpg
26411_001_56_1.jpg,28551_001_65_0.jpg,23541_001_44_1.jpg
20917_001_33_1.jpg,440_001_101_1.jpg,15235_001_164_0.jpg
21909_001_38_0.jpg,31926_001_79_0.jpg,24125_001_47_0.jpg
3854_001_116_0.jpg,20655_001_32_1.jpg,26725_001_58_0.jpg
24946_001_50_0.jpg,1268_001_105_1.jpg,26239_001_56_0.jpg
972_001_104_0.jpg,2519_001_110_0.jpg,2519_001_110_0.jpg
19937_001_2_0.jpg,1461_001_106_0.jpg,14321_001_15_1.jpg
23301_001_43_1.jpg,4160_001_117_1.jpg,35084_001_91_1.jpg
33112_001_83_1.jpg,18917_001_25_1.jpg,1985_001_108_1.jpg
27958_001_62_1.jpg,15308_001_164_1.jpg,11725_001_14_0.jpg
30326_001_72_0.jpg,12375_001_152_0.jpg,8229_001_135_0.jpg
27852_001_62_0.jpg,9071_001_139_0.jpg,10464_001_144_0.jpg
1570_001_106_1.jpg,991_001_104_0.jpg,30069_001_71_0.jpg
7263_001_130_0.jpg,24027_001_46_1.jpg,30753_001_74_0.jpg
14522_001_160_1.jpg,16488_001_16_1.jpg,24222_001_47_1.jpg
34274_001_88_1.jpg,15526_001_166_0.jpg,24707_001_49_1.jpg
8949_001_138_1.jpg,4606_001_11_0.jpg,32787_001_82_0.jpg
22837_001_41_1.jpg,27745_001_61_1.jpg,28708_001_65_1.jpg
22930_001_42_0.jpg,2545_001_110_0.jpg,30102_001_71_0.jpg
14913_001_162_1.jpg,18792_001_25_0.jpg,30085_001_71_0.jpg
22963_001_42_0.jpg,32409_001_80_1.jpg,26207_001_56_0.jpg
21632_001_37_0.jpg,11720_001_14_0.jpg,25177_001_51_0.jpg
6258_001_126_1.jpg,22624_001_40_1.jpg,18317_001_23_0.jpg
28971_001_67_0.jpg,7120_001_12_1.jpg,34656_001_8_1.jpg
9100_001_139_0.jpg,4679_001_11_0.jpg,23268_001_43_1.jpg
376_001_101_0.jpg,24452_001_48_1.jpg,1645_001_107_0.jpg
35868_001_96_0.jpg,32433_001_80_1.jpg,7106_001_12_1.jpg
696_001_102_1.jpg,11720_001_14_0.jpg,26986_001_59_0.jpg
6497_001_127_1.jpg,5582_001_123_1.jpg,16767_001_17_0.jpg
28403_001_64_1.jpg,2293_001_10_0.jpg,29760_001_6_1.jpg
6454_001_127_1.jpg,6609_001_128_0.jpg,29389_001_68_1.jpg
9582_001_140_0.jpg,1256_001_105_0.jpg,10741_001_145_1.jpg
34617_001_8_0.jpg,16359_001_16_0.jpg,34757_001_90_0.jpg
10210_001_143_0.jpg,34488_001_89_1.jpg,28944_001_66_1.jpg
9799_001_141_0.jpg,8597_001_136_1.jpg,7887_001_133_0.jpg
36053_001_97_0.jpg,2519_001_110_0.jpg,2519_001_110_0.jpg
23810_001_45_1.jpg,13966_001_159_0.jpg,30155_001_71_0.jpg
33232_001_84_0.jpg,5240_001_122_0.jpg,896_001_103_1.jpg
14206_001_15_0.jpg,4386_001_119_0.jpg,4386_001_119_0.jpg
20847_001_33_1.jpg,8800_001_137_1.jpg,33896_001_87_0.jpg
15985_001_168_0.jpg,6071_001_126_0.jpg,21938_001_38_0.jpg
3738_001_115_1.jpg,1268_001_105_1.jpg,29708_001_6_0.jpg
1645_001_107_0.jpg,27967_001_62_1.jpg,376_001_101_0.jpg
728_001_103_0.jpg,28142_001_63_1.jpg,1833_001_108_0.jpg
21454_001_36_0.jpg,14682_001_161_1.jpg,27370_001_60_0.jpg
30611_001_73_0.jpg,22165_001_39_0.jpg,4536_001_119_1.jpg
11562_001_149_1.jpg,33024_001_83_0.jpg,23338_001_43_1.jpg
26298_001_56_0.jpg,18105_001_22_0.jpg,30978_001_75_0.jpg
36090_001_97_0.jpg,89_001_100_0.jpg,1276_001_105_1.jpg
1785_001_107_1.jpg,18224_001_22_1.jpg,13691_001_157_1.jpg
14823_001_162_0.jpg,31738_001_78_1.jpg,896_001_103_1.jpg
9186_001_139_1.jpg,6263_001_126_1.jpg,34897_001_90_1.jpg
2586_001_110_0.jpg,18708_001_24_1.jpg,20759_001_33_0.jpg
7609_001_132_0.jpg,17285_001_19_0.jpg,19675_001_29_0.jpg
30076_001_71_0.jpg,6976_001_12_0.jpg,25779_001_54_0.jpg
7402_001_131_0.jpg,28240_001_63_1.jpg,9259_001_139_1.jpg
6556_001_128_0.jpg,6911_001_129_1.jpg,28543_001_65_0.jpg
4763_001_11_1.jpg,34234_001_88_1.jpg,19191_001_27_0.jpg
6862_001_129_1.jpg,1203_001_105_0.jpg,35877_001_96_0.jpg
13596_001_157_0.jpg,717_001_102_1.jpg,4125_001_117_1.jpg
29821_001_6_1.jpg,6429_001_127_1.jpg,28902_001_66_1.jpg
27330_001_60_0.jpg,29650_001_6_0.jpg,16335_001_16_0.jpg
304_001_101_0.jpg,16737_001_170_1.jpg,35032_001_91_0.jpg
8436_001_136_0.jpg,11091_001_147_0.jpg,20622_001_32_1.jpg
30852_001_74_1.jpg,15562_001_166_0.jpg,19382_001_27_1.jpg
13505_001_156_1.jpg,11299_001_148_0.jpg,29276_001_68_0.jpg
8975_001_138_1.jpg,24626_001_49_1.jpg,15851_001_167_1.jpg
27936_001_62_1.jpg,10275_001_143_1.jpg,16473_001_16_1.jpg
35678_001_95_0.jpg,28772_001_66_0.jpg,15865_001_167_1.jpg
11561_001_149_1.jpg,23626_001_45_0.jpg,10322_001_143_1.jpg
18185_001_22_1.jpg,23242_001_43_0.jpg,30363_001_72_0.jpg
12797_001_153_1.jpg,33012_001_83_0.jpg,21183_001_35_0.jpg
14214_001_15_0.jpg,9799_001_141_0.jpg,344_001_101_0.jpg
7000_001_12_0.jpg,30299_001_72_0.jpg,5004_001_121_0.jpg
9939_001_142_0.jpg,6353_001_127_0.jpg,23541_001_44_1.jpg
5178_001_121_1.jpg,330_001_101_0.jpg,14075_001_159_1.jpg
4922_001_120_1.jpg,34543_001_8_0.jpg,15930_001_168_0.jpg
14225_001_15_0.jpg,21518_001_36_1.jpg,5713_001_124_0.jpg
12925_001_154_0.jpg,29898_001_70_0.jpg,36198_001_97_1.jpg
35400_001_93_0.jpg,17809_001_20_1.jpg,18166_001_22_1.jpg
7543_001_131_1.jpg,19214_001_27_0.jpg,13934_001_158_1.jpg
22165_001_39_0.jpg,9849_001_141_1.jpg,31201_001_76_0.jpg
27388_001_60_0.jpg,5451_001_123_0.jpg,25185_001_51_0.jpg
12670_001_153_0.jpg,25208_001_51_0.jpg,6639_001_128_1.jpg
16473_001_16_1.jpg,11091_001_147_0.jpg,36800_001_9_1.jpg
16175_001_169_0.jpg,34022_001_87_1.jpg,35263_001_92_1.jpg
13302_001_156_0.jpg,21595_001_36_1.jpg,33645_001_86_0.jpg
36245_001_97_1.jpg,2188_001_109_1.jpg,25040_001_50_1.jpg
10392_001_144_0.jpg,5002_001_121_0.jpg,12448_001_152_0.jpg
18705_001_24_1.jpg,16727_001_170_1.jpg,21141_001_34_1.jpg
13111_001_155_0.jpg,19597_001_28_1.jpg,4870_001_120_0.jpg
11896_001_150_0.jpg,28584_001_65_0.jpg,32779_001_82_0.jpg
18669_001_24_1.jpg,4386_001_119_0.jpg,4386_001_119_0.jpg
6852_001_129_1.jpg,20761_001_33_0.jpg,35153_001_92_0.jpg
18491_001_23_1.jpg,19768_001_29_1.jpg,36218_001_97_1.jpg
17691_001_20_0.jpg,35058_001_91_1.jpg,20442_001_31_1.jpg
27451_001_60_1.jpg,11159_001_147_1.jpg,23781_001_45_1.jpg
968_001_104_0.jpg,18792_001_25_0.jpg,21943_001_38_0.jpg
29350_001_68_1.jpg,15037_001_163_0.jpg,10741_001_145_1.jpg
5775_001_124_1.jpg,27568_001_61_0.jpg,2460_001_10_1.jpg
6425_001_127_1.jpg,3806_001_116_0.jpg,11175_001_147_1.jpg
36636_001_99_1.jpg,24946_001_50_0.jpg,14155_001_15_0.jpg
17669_001_20_0.jpg,26298_001_56_0.jpg,33621_001_85_1.jpg
28101_001_63_0.jpg,27799_001_62_0.jpg,29097_001_67_1.jpg
714_001_102_1.jpg,6978_001_12_0.jpg,32261_001_7_1.jpg
19764_001_29_1.jpg,27395_001_60_0.jpg,28949_001_66_1.jpg
34083_001_88_0.jpg,404_001_101_0.jpg,36234_001_97_1.jpg
28584_001_65_0.jpg,5582_001_123_1.jpg,11546_001_149_0.jpg
5595_001_123_1.jpg,466_001_101_1.jpg,14572_001_161_0.jpg
28393_001_64_1.jpg,9870_001_141_1.jpg,1915_001_108_0.jpg
24011_001_46_1.jpg,32009_001_79_1.jpg,35059_001_91_1.jpg
9604_001_140_1.jpg,10930_001_146_1.jpg,25735_001_53_1.jpg
7773_001_132_1.jpg,9194_001_139_1.jpg,6155_001_126_0.jpg
24822_001_4_0.jpg,32995_001_83_0.jpg,13861_001_158_1.jpg
30119_001_71_0.jpg,728_001_103_0.jpg,15028_001_163_0.jpg
3630_001_115_0.jpg,32700_001_81_1.jpg,13588_001_157_0.jpg
26126_001_55_1.jpg,30784_001_74_0.jpg,31655_001_78_0.jpg
13452_001_156_1.jpg,25758_001_53_1.jpg,20769_001_33_0.jpg
16359_001_16_0.jpg,34617_001_8_0.jpg,13504_001_156_1.jpg
20414_001_31_1.jpg,29097_001_67_1.jpg,13934_001_158_1.jpg
995_001_104_0.jpg,7297_001_130_1.jpg,32100_001_7_0.jpg
30299_001_72_0.jpg,572_001_102_0.jpg,8876_001_138_0.jpg
7372_001_130_1.jpg,7773_001_132_1.jpg,31896_001_79_0.jpg
4134_001_117_1.jpg,25414_001_52_0.jpg,18128_001_22_0.jpg
8266_001_135_0.jpg,32330_001_80_0.jpg,11189_001_147_1.jpg
999_001_104_0.jpg,6639_001_128_1.jpg,16090_001_168_1.jpg
22960_001_42_0.jpg,29168_001_67_1.jpg,36678_001_9_0.jpg
30032_001_70_1.jpg,35266_001_92_1.jpg,31211_001_76_0.jpg
22130_001_39_0.jpg,21853_001_38_0.jpg,22437_001_3_1.jpg
7906_001_133_1.jpg,15967_001_168_0.jpg,25735_001_53_1.jpg
16966_001_17_1.jpg,16767_001_17_0.jpg,15985_001_168_0.jpg
7435_001_131_0.jpg,18498_001_24_0.jpg,19726_001_29_0.jpg
29411_001_69_0.jpg,27244_001_5_1.jpg,18896_001_25_1.jpg
25185_001_51_0.jpg,16488_001_16_1.jpg,18520_001_24_0.jpg
4381_001_118_1.jpg,378_001_101_0.jpg,24058_001_46_1.jpg
1614_001_107_0.jpg,32995_001_83_0.jpg,16396_001_16_0.jpg
34641_001_8_1.jpg,34845_001_90_1.jpg,30249_001_71_1.jpg
14079_001_159_1.jpg,29898_001_70_0.jpg,30755_001_74_0.jpg
28213_001_63_1.jpg,378_001_101_0.jpg,3818_001_116_0.jpg
25951_001_54_1.jpg,8385_001_135_1.jpg,394_001_101_0.jpg
7337_001_130_1.jpg,4215_001_118_0.jpg,33112_001_83_1.jpg
36007_001_96_1.jpg,5334_001_122_1.jpg,13691_001_157_1.jpg
11942_001_150_0.jpg,11227_001_148_0.jpg,7372_001_130_1.jpg
31165_001_75_1.jpg,34354_001_89_0.jpg,32802_001_82_0.jpg
27457_001_60_1.jpg,1060_001_104_1.jpg,4419_001_119_0.jpg
32382_001_80_0.jpg,14845_001_162_0.jpg,1924_001_108_1.jpg
34630_001_8_0.jpg,31738_001_78_1.jpg,30101_001_71_0.jpg
5386_001_122_1.jpg,14759_001_162_0.jpg,35877_001_96_0.jpg
14601_001_161_0.jpg,7031_001_12_0.jpg,1977_001_108_1.jpg
26714_001_58_0.jpg,32316_001_80_0.jpg,20769_001_33_0.jpg
4704_001_11_1.jpg,20057_001_30_0.jpg,35701_001_95_0.jpg
2515_001_110_0.jpg,14513_001_160_1.jpg,14415_001_160_0.jpg
35864_001_96_0.jpg,24910_001_4_1.jpg,27316_001_5_1.jpg
4205_001_118_0.jpg,23673_001_45_0.jpg,5230_001_122_0.jpg
12518_001_152_1.jpg,1111_001_104_1.jpg,26207_001_56_0.jpg
27395_001_60_0.jpg,16346_001_16_0.jpg,31131_001_75_1.jpg
26159_001_55_1.jpg,8140_001_134_1.jpg,14225_001_15_0.jpg
27965_001_62_1.jpg,22632_001_40_1.jpg,32578_001_81_0.jpg
21457_001_36_0.jpg,4863_001_120_0.jpg,19675_001_29_0.jpg
16617_001_170_0.jpg,11006_001_146_1.jpg,1924_001_108_1.jpg
22598_001_40_1.jpg,9484_001_13_1.jpg,23182_001_43_0.jpg
16591_001_170_0.jpg,17725_001_20_1.jpg,19591_001_28_1.jpg
8876_001_138_0.jpg,28116_001_63_0.jpg,32155_001_7_0.jpg
29771_001_6_1.jpg,8227_001_135_0.jpg,9643_001_140_1.jpg
31204_001_76_0.jpg,28797_001_66_0.jpg,17710_001_20_0.jpg
4990_001_120_1.jpg,6212_001_126_1.jpg,23478_001_44_0.jpg
5430_001_123_0.jpg,33122_001_83_1.jpg,8316_001_135_1.jpg
15_001_0_1.jpg,31738_001_78_1.jpg,32175_001_7_0.jpg
36514_001_99_0.jpg,27451_001_60_1.jpg,19726_001_29_0.jpg
5059_001_121_0.jpg,6858_001_129_1.jpg,19935_001_2_0.jpg
35857_001_96_0.jpg,36525_001_99_0.jpg,22694_001_41_0.jpg
20195_001_30_1.jpg,10692_001_145_1.jpg,25615_001_53_0.jpg
9217_001_139_1.jpg,18708_001_24_1.jpg,24160_001_47_0.jpg
6576_001_128_0.jpg,6075_001_126_0.jpg,29852_001_70_0.jpg
10315_001_143_1.jpg,10461_001_144_0.jpg,36500_001_99_0.jpg
14075_001_159_1.jpg,16945_001_17_1.jpg,6787_001_129_0.jpg
4215_001_118_0.jpg,25484_001_52_1.jpg,25484_001_52_1.jpg
20960_001_34_0.jpg,752_001_103_0.jpg,22127_001_39_0.jpg
6339_001_127_0.jpg,9530_001_140_0.jpg,35348_001_92_1.jpg
26622_001_57_1.jpg,4160_001_117_1.jpg,26207_001_56_0.jpg
30880_001_74_1.jpg,13111_001_155_0.jpg,29408_001_69_0.jpg
11381_001_148_1.jpg,26875_001_58_1.jpg,2803_001_111_1.jpg
3676_001_115_1.jpg,12163_001_151_0.jpg,8991_001_138_1.jpg
7949_001_133_1.jpg,1268_001_105_1.jpg,29708_001_6_0.jpg
30534_001_73_0.jpg,11970_001_150_0.jpg,23694_001_45_0.jpg
31926_001_79_0.jpg,1091_001_104_1.jpg,15847_001_167_1.jpg
6834_001_129_1.jpg,16966_001_17_1.jpg,25948_001_54_1.jpg
22976_001_42_0.jpg,27202_001_5_0.jpg,11851_001_14_1.jpg
23433_001_44_0.jpg,29650_001_6_0.jpg,19806_001_29_1.jpg
36750_001_9_0.jpg,6976_001_12_0.jpg,31067_001_75_1.jpg
6507_001_128_0.jpg,21518_001_36_1.jpg,11115_001_147_0.jpg
18924_001_25_1.jpg,23770_001_45_1.jpg,22699_001_41_0.jpg
28559_001_65_0.jpg,2759_001_111_0.jpg,30611_001_73_0.jpg
16652_001_170_0.jpg,1104_001_104_1.jpg,3481_001_114_1.jpg
27251_001_5_1.jpg,9850_001_141_1.jpg,27099_001_59_1.jpg
28118_001_63_0.jpg,7181_001_130_0.jpg,28083_001_63_0.jpg
12420_001_152_0.jpg,24543_001_49_0.jpg,35318_001_92_1.jpg
12175_001_151_0.jpg,4139_001_117_1.jpg,27395_001_60_0.jpg
1256_001_105_0.jpg,21138_001_34_1.jpg,31204_001_76_0.jpg
23180_001_43_0.jpg,30067_001_71_0.jpg,30698_001_73_1.jpg
32955_001_82_1.jpg,25563_001_53_0.jpg,5002_001_121_0.jpg
3870_001_116_0.jpg,30534_001_73_0.jpg,30023_001_70_1.jpg
31685_001_78_0.jpg,10222_001_143_0.jpg,24784_001_4_0.jpg
10722_001_145_1.jpg,24190_001_47_1.jpg,26915_001_59_0.jpg
2537_001_110_0.jpg,35793_001_95_1.jpg,1253_001_105_0.jpg
4956_001_120_1.jpg,19075_001_26_1.jpg,20806_001_33_0.jpg
13442_001_156_1.jpg,3688_001_115_1.jpg,35587_001_94_1.jpg
11153_001_147_1.jpg,22518_001_40_0.jpg,13712_001_157_1.jpg
31190_001_76_0.jpg,14150_001_15_0.jpg,896_001_103_1.jpg
23872_001_46_0.jpg,21518_001_36_1.jpg,8776_001_137_1.jpg
3604_001_115_0.jpg,9186_001_139_1.jpg,15809_001_167_1.jpg
35303_001_92_1.jpg,21039_001_34_0.jpg,1824_001_108_0.jpg
23694_001_45_0.jpg,33368_001_84_1.jpg,33059_001_83_0.jpg
14778_001_162_0.jpg,16131_001_169_0.jpg,21938_001_38_0.jpg
21138_001_34_1.jpg,32700_001_81_1.jpg,31031_001_75_0.jpg
33774_001_86_1.jpg,22724_001_41_0.jpg,27154_001_5_0.jpg
391_001_101_0.jpg,32409_001_80_1.jpg,26622_001_57_1.jpg
26005_001_55_0.jpg,6507_001_128_0.jpg,6639_001_128_1.jpg
13693_001_157_1.jpg,14664_001_161_1.jpg,36813_001_9_1.jpg
34543_001_8_0.jpg,32880_001_82_1.jpg,30592_001_73_0.jpg
18708_001_24_1.jpg,12344_001_151_1.jpg,14150_001_15_0.jpg
16593_001_170_0.jpg,4870_001_120_0.jpg,12006_001_150_0.jpg
20392_001_31_1.jpg,20078_001_30_0.jpg,35483_001_93_1.jpg
4386_001_119_0.jpg,23673_001_45_0.jpg,23673_001_45_0.jpg
17197_001_18_1.jpg,22398_001_3_1.jpg,34230_001_88_1.jpg
26239_001_56_0.jpg,12170_001_151_0.jpg,1268_001_105_1.jpg
35886_001_96_0.jpg,1842_001_108_0.jpg,33905_001_87_0.jpg
7753_001_132_1.jpg,25176_001_51_0.jpg,28461_001_64_1.jpg
18980_001_26_0.jpg,35240_001_92_0.jpg,18128_001_22_0.jpg
17806_001_20_1.jpg,16203_001_169_0.jpg,5150_001_121_1.jpg
34943_001_90_1.jpg,8420_001_136_0.jpg,18306_001_23_0.jpg
29283_001_68_0.jpg,1436_001_106_0.jpg,26948_001_59_0.jpg
12004_001_150_0.jpg,3606_001_115_0.jpg,28740_001_66_0.jpg
5338_001_122_1.jpg,26783_001_58_1.jpg,28605_001_65_0.jpg
8406_001_135_1.jpg,5349_001_122_1.jpg,23193_001_43_0.jpg
27801_001_62_0.jpg,1437_001_106_0.jpg,20619_001_32_1.jpg
4738_001_11_1.jpg,36466_001_98_1.jpg,15621_001_166_1.jpg
11975_001_150_0.jpg,33024_001_83_0.jpg,8098_001_134_0.jpg
28238_001_63_1.jpg,4295_001_118_1.jpg,6576_001_128_0.jpg
21_001_0_1.jpg,6911_001_129_1.jpg,17556_001_1_1.jpg
23578_001_44_1.jpg,3876_001_116_1.jpg,26920_001_59_0.jpg
8535_001_136_1.jpg,23862_001_46_0.jpg,35612_001_94_1.jpg
29712_001_6_0.jpg,26314_001_56_0.jpg,24618_001_49_0.jpg
25183_001_51_0.jpg,3575_001_115_0.jpg,123_001_100_0.jpg
24456_001_48_1.jpg,11866_001_14_1.jpg,13735_001_157_1.jpg
32484_001_80_1.jpg,14418_001_160_0.jpg,10135_001_142_1.jpg
21328_001_35_1.jpg,25749_001_53_1.jpg,10578_001_144_1.jpg
17725_001_20_1.jpg,8374_001_135_1.jpg,30774_001_74_0.jpg
20769_001_33_0.jpg,12245_001_151_0.jpg,10322_001_143_1.jpg
27084_001_59_1.jpg,31204_001_76_0.jpg,25615_001_53_0.jpg
2135_001_109_0.jpg,19278_001_27_0.jpg,11719_001_14_0.jpg
27558_001_61_0.jpg,4684_001_11_0.jpg,32952_001_82_1.jpg
27735_001_61_1.jpg,546_001_102_0.jpg,6518_001_128_0.jpg
4870_001_120_0.jpg,18105_001_22_0.jpg,7849_001_133_0.jpg
28486_001_64_1.jpg,4863_001_120_0.jpg,19675_001_29_0.jpg
32292_001_80_0.jpg,4575_001_119_1.jpg,1833_001_108_0.jpg
32261_001_7_1.jpg,14762_001_162_0.jpg,11120_001_147_1.jpg
30067_001_71_0.jpg,34658_001_8_1.jpg,22903_001_41_1.jpg
25609_001_53_0.jpg,31067_001_75_1.jpg,30518_001_73_0.jpg
34255_001_88_1.jpg,28698_001_65_1.jpg,1384_001_106_0.jpg
19519_001_28_1.jpg,27213_001_5_0.jpg,7337_001_130_1.jpg
7453_001_131_0.jpg,24051_001_46_1.jpg,33264_001_84_0.jpg
16028_001_168_1.jpg,17218_001_19_0.jpg,34520_001_8_0.jpg
28134_001_63_1.jpg,15308_001_164_1.jpg,8991_001_138_1.jpg
28361_001_64_0.jpg,6852_001_129_1.jpg,2397_001_10_1.jpg
36345_001_98_0.jpg,18355_001_23_0.jpg,33205_001_84_0.jpg
34937_001_90_1.jpg,11229_001_148_0.jpg,15577_001_166_0.jpg
13135_001_155_0.jpg,4424_001_119_0.jpg,21424_001_36_0.jpg
10151_001_142_1.jpg,2188_001_109_1.jpg,6941_001_129_1.jpg
9850_001_141_1.jpg,8954_001_138_1.jpg,22547_001_40_0.jpg
1096_001_104_1.jpg,33933_001_87_0.jpg,32113_001_7_0.jpg
19005_001_26_0.jpg,31035_001_75_0.jpg,31035_001_75_0.jpg
11725_001_14_0.jpg,31081_001_75_1.jpg,18128_001_22_0.jpg
33676_001_86_0.jpg,27613_001_61_0.jpg,7619_001_132_0.jpg
11156_001_147_1.jpg,18481_001_23_1.jpg,18546_001_24_0.jpg
30454_001_72_1.jpg,20731_001_33_0.jpg,11989_001_150_0.jpg
12357_001_151_1.jpg,35141_001_91_1.jpg,23075_001_42_1.jpg
15022_001_163_0.jpg,9005_001_138_1.jpg,11511_001_149_0.jpg
33881_001_87_0.jpg,12772_001_153_1.jpg,4577_001_119_1.jpg
12301_001_151_1.jpg,20769_001_33_0.jpg,7414_001_131_0.jpg
22054_001_38_1.jpg,18708_001_24_1.jpg,34818_001_90_0.jpg
8481_001_136_0.jpg,4443_001_119_0.jpg,3717_001_115_1.jpg
394_001_101_0.jpg,5594_001_123_1.jpg,9700_001_140_1.jpg
25511_001_52_1.jpg,26411_001_56_1.jpg,28055_001_63_0.jpg
32353_001_80_0.jpg,1322_001_105_1.jpg,14577_001_161_0.jpg
34230_001_88_1.jpg,29309_001_68_1.jpg,14820_001_162_0.jpg
5708_001_124_0.jpg,25927_001_54_1.jpg,30069_001_71_0.jpg
32397_001_80_0.jpg,35481_001_93_1.jpg,23111_001_42_1.jpg
31875_001_79_0.jpg,16945_001_17_1.jpg,6787_001_129_0.jpg
33700_001_86_0.jpg,6994_001_12_0.jpg,26080_001_55_0.jpg
24474_001_48_1.jpg,12478_001_152_0.jpg,9923_001_141_1.jpg
22707_001_41_0.jpg,34083_001_88_0.jpg,28722_001_65_1.jpg
12006_001_150_0.jpg,16604_001_170_0.jpg,9010_001_138_1.jpg
5363_001_122_1.jpg,17698_001_20_0.jpg,14657_001_161_1.jpg
2960_001_112_0.jpg,11851_001_14_1.jpg,33767_001_86_1.jpg
29808_001_6_1.jpg,25416_001_52_0.jpg,22618_001_40_1.jpg
31900_001_79_0.jpg,705_001_102_1.jpg,18426_001_23_1.jpg
15923_001_168_0.jpg,26003_001_55_0.jpg,26725_001_58_0.jpg
22219_001_39_1.jpg,25674_001_53_1.jpg,2355_001_10_0.jpg
17820_001_20_1.jpg,14206_001_15_0.jpg,23673_001_45_0.jpg
268_001_100_1.jpg,11866_001_14_1.jpg,29601_001_69_1.jpg
8385_001_135_1.jpg,4679_001_11_0.jpg,13474_001_156_1.jpg
8954_001_138_1.jpg,19768_001_29_1.jpg,12707_001_153_0.jpg
4560_001_119_1.jpg,30741_001_74_0.jpg,35493_001_93_1.jpg
10302_001_143_1.jpg,6978_001_12_0.jpg,11120_001_147_1.jpg
10275_001_143_1.jpg,34026_001_87_1.jpg,17556_001_1_1.jpg
16668_001_170_1.jpg,31204_001_76_0.jpg,32330_001_80_0.jpg
10312_001_143_1.jpg,2135_001_109_0.jpg,30774_001_74_0.jpg
13722_001_157_1.jpg,9333_001_13_0.jpg,32054_001_79_1.jpg
14054_001_159_1.jpg,32913_001_82_1.jpg,19726_001_29_0.jpg
8158_001_134_1.jpg,15562_001_166_0.jpg,13365_001_156_0.jpg
18752_001_25_0.jpg,8611_001_137_0.jpg,6016_001_125_1.jpg
5914_001_125_0.jpg,546_001_102_0.jpg,23776_001_45_1.jpg
21005_001_34_0.jpg,668_001_102_1.jpg,22606_001_40_1.jpg
25439_001_52_1.jpg,32952_001_82_1.jpg,19191_001_27_0.jpg
25855_001_54_0.jpg,1059_001_104_1.jpg,1089_001_104_1.jpg
16514_001_16_1.jpg,33509_001_85_0.jpg,1824_001_108_0.jpg
5070_001_121_0.jpg,27451_001_60_1.jpg,18280_001_23_0.jpg
14843_001_162_0.jpg,32409_001_80_1.jpg,26207_001_56_0.jpg
31285_001_76_0.jpg,31738_001_78_1.jpg,29252_001_68_0.jpg
31384_001_76_1.jpg,26046_001_55_0.jpg,35627_001_94_1.jpg
36267_001_98_0.jpg,22632_001_40_1.jpg,30234_001_71_1.jpg
36511_001_99_0.jpg,24152_001_47_0.jpg,11951_001_150_0.jpg
33583_001_85_1.jpg,24157_001_47_0.jpg,2451_001_10_1.jpg
31603_001_77_1.jpg,20769_001_33_0.jpg,7469_001_131_0.jpg
13580_001_157_0.jpg,7011_001_12_0.jpg,30949_001_74_1.jpg
29653_001_6_0.jpg,23010_001_42_0.jpg,13941_001_158_1.jpg
19726_001_29_0.jpg,18498_001_24_0.jpg,10295_001_143_1.jpg
3737_001_115_1.jpg,28902_001_66_1.jpg,33767_001_86_1.jpg
18895_001_25_1.jpg,16617_001_170_0.jpg,1924_001_108_1.jpg
4786_001_11_1.jpg,24972_001_50_0.jpg,31968_001_79_1.jpg
8800_001_137_1.jpg,36148_001_97_0.jpg,2738_001_111_0.jpg
4143_001_117_1.jpg,21143_001_34_1.jpg,2913_001_112_0.jpg
6373_001_127_0.jpg,35153_001_92_0.jpg,1851_001_108_0.jpg
12354_001_151_1.jpg,5059_001_121_0.jpg,24774_001_4_0.jpg
18000_001_21_1.jpg,10824_001_146_0.jpg,6632_001_128_1.jpg
21499_001_36_0.jpg,10558_001_144_1.jpg,27132_001_59_1.jpg
181_001_100_0.jpg,8884_001_138_0.jpg,17454_001_1_0.jpg
16463_001_16_1.jpg,14708_001_161_1.jpg,25816_001_54_0.jpg
9538_001_140_0.jpg,3275_001_113_1.jpg,24153_001_47_0.jpg
19551_001_28_1.jpg,35141_001_91_1.jpg,5284_001_122_0.jpg
30217_001_71_1.jpg,3907_001_116_1.jpg,23077_001_42_1.jpg
4818_001_120_0.jpg,21670_001_37_0.jpg,18262_001_22_1.jpg
19329_001_27_1.jpg,3253_001_113_1.jpg,5311_001_122_0.jpg
12872_001_154_0.jpg,10468_001_144_0.jpg,23696_001_45_0.jpg
28580_001_65_0.jpg,28111_001_63_0.jpg,28620_001_65_0.jpg
18866_001_25_1.jpg,21138_001_34_1.jpg,31204_001_76_0.jpg
35450_001_93_0.jpg,9259_001_139_1.jpg,7402_001_131_0.jpg
14073_001_159_1.jpg,30140_001_71_0.jpg,24058_001_46_1.jpg
4757_001_11_1.jpg,21632_001_37_0.jpg,24019_001_46_1.jpg
7491_001_131_1.jpg,7027_001_12_0.jpg,9943_001_142_0.jpg
5674_001_124_0.jpg,24027_001_46_1.jpg,4232_001_118_0.jpg
14808_001_162_0.jpg,6971_001_12_0.jpg,25746_001_53_1.jpg
24_001_0_1.jpg,2188_001_109_1.jpg,25040_001_50_1.jpg
4938_001_120_1.jpg,33947_001_87_0.jpg,12995_001_154_1.jpg
13897_001_158_1.jpg,23242_001_43_0.jpg,5782_001_124_1.jpg
14463_001_160_1.jpg,7764_001_132_1.jpg,25128_001_50_1.jpg
11419_001_148_1.jpg,10698_001_145_1.jpg,32234_001_7_1.jpg
1481_001_106_1.jpg,32433_001_80_1.jpg,19403_001_28_0.jpg
35481_001_93_1.jpg,29309_001_68_1.jpg,22054_001_38_1.jpg
15184_001_164_0.jpg,20304_001_31_0.jpg,36353_001_98_0.jpg
30249_001_71_1.jpg,15996_001_168_1.jpg,500_001_101_1.jpg
14479_001_160_1.jpg,15151_001_164_0.jpg,12600_001_152_1.jpg
4807_001_120_0.jpg,27967_001_62_1.jpg,25609_001_53_0.jpg
16553_001_170_0.jpg,5349_001_122_1.jpg,36132_001_97_0.jpg
4443_001_119_0.jpg,23236_001_43_0.jpg,29627_001_6_0.jpg
16995_001_18_0.jpg,25274_001_51_1.jpg,5614_001_123_1.jpg
26046_001_55_0.jpg,31683_001_78_0.jpg,36464_001_98_1.jpg
27099_001_59_1.jpg,9283_001_13_0.jpg,23862_001_46_0.jpg
35350_001_92_1.jpg,31081_001_75_1.jpg,34709_001_8_1.jpg
24707_001_49_1.jpg,28571_001_65_0.jpg,34274_001_88_1.jpg
8079_001_134_0.jpg,35193_001_92_0.jpg,9494_001_140_0.jpg
5547_001_123_1.jpg,12877_001_154_0.jpg,22740_001_41_0.jpg
8012_001_134_0.jpg,979_001_104_0.jpg,33621_001_85_1.jpg
17939_001_21_1.jpg,15673_001_167_0.jpg,6639_001_128_1.jpg
11546_001_149_0.jpg,4684_001_11_0.jpg,4193_001_118_0.jpg
31998_001_79_1.jpg,9650_001_140_1.jpg,18686_001_24_1.jpg
34493_001_89_1.jpg,29036_001_67_0.jpg,19482_001_28_0.jpg
23131_001_42_1.jpg,30948_001_74_1.jpg,12435_001_152_0.jpg
33272_001_84_0.jpg,28118_001_63_0.jpg,13784_001_158_0.jpg
18252_001_22_1.jpg,20937_001_33_1.jpg,6264_001_126_1.jpg
11892_001_14_1.jpg,24543_001_49_0.jpg,10187_001_143_0.jpg
10131_001_142_1.jpg,5507_001_123_0.jpg,28669_001_65_1.jpg
5614_001_123_1.jpg,28118_001_63_0.jpg,15765_001_167_0.jpg
25816_001_54_0.jpg,35868_001_96_0.jpg,35787_001_95_1.jpg
32713_001_81_1.jpg,16970_001_17_1.jpg,11381_001_148_1.jpg
19465_001_28_0.jpg,8884_001_138_0.jpg,181_001_100_0.jpg
30817_001_74_0.jpg,33991_001_87_1.jpg,19382_001_27_1.jpg
18426_001_23_1.jpg,12085_001_150_1.jpg,26447_001_57_0.jpg
10394_001_144_0.jpg,31900_001_79_0.jpg,8882_001_138_0.jpg
23875_001_46_0.jpg,22606_001_40_1.jpg,7619_001_132_0.jpg
7035_001_12_0.jpg,22054_001_38_1.jpg,21587_001_36_1.jpg
3816_001_116_0.jpg,13135_001_155_0.jpg,7469_001_131_0.jpg
15799_001_167_1.jpg,5386_001_122_1.jpg,3734_001_115_1.jpg
330_001_101_0.jpg,6787_001_129_0.jpg,17226_001_19_0.jpg
401_001_101_0.jpg,8800_001_137_1.jpg,2619_001_110_1.jpg
25486_001_52_1.jpg,30905_001_74_1.jpg,15847_001_167_1.jpg
25474_001_52_1.jpg,24992_001_50_0.jpg,18128_001_22_0.jpg
35490_001_93_1.jpg,440_001_101_1.jpg,2026_001_108_1.jpg
36861_001_9_1.jpg,12448_001_152_0.jpg,17556_001_1_1.jpg
28966_001_66_1.jpg,13135_001_155_0.jpg,18308_001_23_0.jpg
3240_001_113_1.jpg,24499_001_48_1.jpg,1338_001_105_1.jpg
26725_001_58_0.jpg,4970_001_120_1.jpg,30120_001_71_0.jpg
22295_001_3_0.jpg,28949_001_66_1.jpg,28273_001_64_0.jpg
21518_001_36_1.jpg,36090_001_97_0.jpg,32802_001_82_0.jpg
32330_001_80_0.jpg,18866_001_25_1.jpg,16668_001_170_1.jpg
22740_001_41_0.jpg,5547_001_123_1.jpg,18081_001_22_0.jpg
20916_001_33_1.jpg,5477_001_123_0.jpg,7802_001_133_0.jpg
31201_001_76_0.jpg,9849_001_141_1.jpg,33366_001_84_1.jpg
25085_001_50_1.jpg,7522_001_131_1.jpg,23338_001_43_1.jpg
21058_001_34_0.jpg,30011_001_70_1.jpg,3913_001_116_1.jpg
15920_001_168_0.jpg,31053_001_75_0.jpg,35499_001_93_1.jpg
14483_001_160_1.jpg,8420_001_136_0.jpg,18306_001_23_0.jpg
21056_001_34_0.jpg,3606_001_115_0.jpg,23694_001_45_0.jpg
33734_001_86_0.jpg,24543_001_49_0.jpg,12420_001_152_0.jpg
12881_001_154_0.jpg,1203_001_105_0.jpg,14505_001_160_1.jpg
26875_001_58_1.jpg,22146_001_39_0.jpg,8436_001_136_0.jpg
466_001_101_1.jpg,6008_001_125_1.jpg,5030_001_121_0.jpg
20217_001_30_1.jpg,8079_001_134_0.jpg,22926_001_42_0.jpg
19171_001_27_0.jpg,32433_001_80_1.jpg,19357_001_27_1.jpg
19493_001_28_0.jpg,2084_001_109_0.jpg,12475_001_152_0.jpg
2150_001_109_1.jpg,32743_001_81_1.jpg,21752_001_37_1.jpg
13652_001_157_1.jpg,16408_001_16_0.jpg,34095_001_88_0.jpg
10866_001_146_0.jpg,15840_001_167_1.jpg,6942_001_129_1.jpg
11074_001_147_0.jpg,20797_001_33_0.jpg,14791_001_162_0.jpg
13825_001_158_0.jpg,6776_001_129_0.jpg,32308_001_80_0.jpg
35125_001_91_1.jpg,33174_001_83_1.jpg,4575_001_119_1.jpg
33012_001_83_0.jpg,15435_001_165_1.jpg,13910_001_158_1.jpg
10282_001_143_1.jpg,15673_001_167_0.jpg,26927_001_59_0.jpg
36438_001_98_1.jpg,5284_001_122_0.jpg,3427_001_114_0.jpg
12739_001_153_1.jpg,17924_001_21_0.jpg,17818_001_20_1.jpg
8472_001_136_0.jpg,2738_001_111_0.jpg,13401_001_156_0.jpg
31074_001_75_1.jpg,22165_001_39_0.jpg,26587_001_57_1.jpg
21262_001_35_0.jpg,27457_001_60_1.jpg,27255_001_5_1.jpg
20686_001_32_1.jpg,29562_001_69_1.jpg,31035_001_75_0.jpg
35483_001_93_1.jpg,4424_001_119_0.jpg,20392_001_31_1.jpg
8882_001_138_0.jpg,265_001_100_1.jpg,6834_001_129_1.jpg
5582_001_123_1.jpg,2115_001_109_0.jpg,3392_001_114_0.jpg
22033_001_38_1.jpg,11720_001_14_0.jpg,21009_001_34_0.jpg
735_001_103_0.jpg,17418_001_19_1.jpg,24272_001_47_1.jpg
8667_001_137_0.jpg,15410_001_165_0.jpg,34630_001_8_0.jpg
8249_001_135_0.jpg,23673_001_45_0.jpg,23673_001_45_0.jpg
18539_001_24_0.jpg,8800_001_137_1.jpg,8210_001_134_1.jpg
4625_001_11_0.jpg,25604_001_53_0.jpg,17156_001_18_1.jpg
23230_001_43_0.jpg,20926_001_33_1.jpg,27610_001_61_0.jpg
539_001_102_0.jpg,28772_001_66_0.jpg,26633_001_57_1.jpg
28571_001_65_0.jpg,24707_001_49_1.jpg,31212_001_76_0.jpg
5752_001_124_0.jpg,30011_001_70_1.jpg,22113_001_39_0.jpg
32080_001_7_0.jpg,22960_001_42_0.jpg,2569_001_110_0.jpg
30124_001_71_0.jpg,11115_001_147_0.jpg,35877_001_96_0.jpg
12206_001_151_0.jpg,31683_001_78_0.jpg,17471_001_1_0.jpg
16857_001_17_0.jpg,729_001_103_0.jpg,14747_001_161_1.jpg
6858_001_129_1.jpg,9186_001_139_1.jpg,8726_001_137_1.jpg
29580_001_69_1.jpg,29135_001_67_1.jpg,6817_001_129_0.jpg
11810_001_14_1.jpg,34826_001_90_0.jpg,8540_001_136_1.jpg
4113_001_117_1.jpg,1060_001_104_1.jpg,7335_001_130_1.jpg
5369_001_122_1.jpg,21297_001_35_1.jpg,21632_001_37_0.jpg
29923_001_70_0.jpg,18426_001_23_1.jpg,5844_001_124_1.jpg
35284_001_92_1.jpg,3575_001_115_0.jpg,18889_001_25_1.jpg
1985_001_108_1.jpg,19519_001_28_1.jpg,19519_001_28_1.jpg
15906_001_168_0.jpg,29295_001_68_1.jpg,32115_001_7_0.jpg
8140_001_134_1.jpg,26159_001_55_1.jpg,31165_001_75_1.jpg
29996_001_70_1.jpg,32478_001_80_1.jpg,36606_001_99_1.jpg
29598_001_69_1.jpg,8177_001_134_1.jpg,7539_001_131_1.jpg
8580_001_136_1.jpg,5920_001_125_0.jpg,34976_001_91_0.jpg
18262_001_22_1.jpg,16488_001_16_1.jpg,8095_001_134_0.jpg
35276_001_92_1.jpg,31738_001_78_1.jpg,9005_001_138_1.jpg
29886_001_70_0.jpg,14214_001_15_0.jpg,22343_001_3_0.jpg
32155_001_7_0.jpg,8876_001_138_0.jpg,22567_001_40_0.jpg
11535_001_149_0.jpg,5391_001_122_1.jpg,30592_001_73_0.jpg
5441_001_123_0.jpg,5340_001_122_1.jpg,34826_001_90_0.jpg
28997_001_67_0.jpg,3012_001_112_0.jpg,30935_001_74_1.jpg
3443_001_114_1.jpg,18346_001_23_0.jpg,36763_001_9_0.jpg
22349_001_3_0.jpg,9575_001_140_0.jpg,2176_001_109_1.jpg
35220_001_92_0.jpg,1842_001_108_0.jpg,33905_001_87_0.jpg
28497_001_64_1.jpg,2226_001_109_1.jpg,30319_001_72_0.jpg
34798_001_90_0.jpg,11227_001_148_0.jpg,11942_001_150_0.jpg
1836_001_108_0.jpg,31607_001_77_1.jpg,6817_001_129_0.jpg
26615_001_57_1.jpg,5507_001_123_0.jpg,10131_001_142_1.jpg
3088_001_112_1.jpg,29691_001_6_0.jpg,21995_001_38_1.jpg
14529_001_160_1.jpg,12874_001_154_0.jpg,22642_001_40_1.jpg
6471_001_127_1.jpg,16617_001_170_0.jpg,20067_001_30_0.jpg
15670_001_166_1.jpg,291_001_100_1.jpg,36742_001_9_0.jpg
14489_001_160_1.jpg,4938_001_120_1.jpg,30998_001_75_0.jpg
18449_001_23_1.jpg,28698_001_65_1.jpg,33734_001_86_0.jpg
13974_001_159_0.jpg,5144_001_121_1.jpg,15809_001_167_1.jpg
9694_001_140_1.jpg,21998_001_38_1.jpg,33473_001_85_0.jpg
27806_001_62_0.jpg,33449_001_85_0.jpg,33669_001_86_0.jpg
2460_001_10_1.jpg,20769_001_33_0.jpg,32100_001_7_0.jpg
23862_001_46_0.jpg,19768_001_29_1.jpg,32912_001_82_1.jpg
17190_001_18_1.jpg,23230_001_43_0.jpg,8247_001_135_0.jpg
25545_001_52_1.jpg,22071_001_39_0.jpg,5871_001_125_0.jpg
14610_001_161_0.jpg,23862_001_46_0.jpg,9850_001_141_1.jpg
583_001_102_0.jpg,17666_001_20_0.jpg,16796_001_17_0.jpg
5210_001_121_1.jpg,35141_001_91_1.jpg,30880_001_74_1.jpg
4720_001_11_1.jpg,26314_001_56_0.jpg,10322_001_143_1.jpg
22931_001_42_0.jpg,4295_001_118_1.jpg,4120_001_117_1.jpg
28529_001_65_0.jpg,32578_001_81_0.jpg,4295_001_118_1.jpg
11989_001_150_0.jpg,1026_001_104_0.jpg,30454_001_72_1.jpg
31312_001_76_1.jpg,2545_001_110_0.jpg,36477_001_99_0.jpg
17226_001_19_0.jpg,16945_001_17_1.jpg,6787_001_129_0.jpg
22926_001_42_0.jpg,9494_001_140_0.jpg,20217_001_30_1.jpg
31641_001_78_0.jpg,6907_001_129_1.jpg,743_001_103_0.jpg
20622_001_32_1.jpg,35793_001_95_1.jpg,28238_001_63_1.jpg
1902_001_108_0.jpg,3604_001_115_0.jpg,34863_001_90_1.jpg
89_001_100_0.jpg,30963_001_75_0.jpg,1159_001_105_0.jpg
22343_001_3_0.jpg,36761_001_9_0.jpg,1398_001_106_0.jpg
35531_001_93_1.jpg,36761_001_9_0.jpg,29765_001_6_1.jpg
29562_001_69_1.jpg,4990_001_120_1.jpg,31035_001_75_0.jpg
36140_001_97_0.jpg,36049_001_97_0.jpg,28753_001_66_0.jpg
23161_001_43_0.jpg,5141_001_121_1.jpg,12163_001_151_0.jpg
9552_001_140_0.jpg,34570_001_8_0.jpg,31896_001_79_0.jpg
8754_001_137_1.jpg,31801_001_78_1.jpg,21407_001_36_0.jpg
10724_001_145_1.jpg,10302_001_143_1.jpg,20892_001_33_1.jpg
6114_001_126_0.jpg,12649_001_153_0.jpg,1924_001_108_1.jpg
5119_001_121_1.jpg,4970_001_120_1.jpg,33697_001_86_0.jpg
2486_001_110_0.jpg,9604_001_140_1.jpg,25735_001_53_1.jpg
33470_001_85_0.jpg,30935_001_74_1.jpg,11735_001_14_0.jpg
15847_001_167_1.jpg,30905_001_74_1.jpg,27766_001_61_1.jpg
23638_001_45_0.jpg,32092_001_7_0.jpg,15476_001_165_1.jpg
12116_001_150_1.jpg,22261_001_39_1.jpg,20838_001_33_1.jpg
18403_001_23_1.jpg,10225_001_143_0.jpg,3688_001_115_1.jpg
5464_001_123_0.jpg,6702_001_128_1.jpg,4895_001_120_0.jpg
32299_001_80_0.jpg,14138_001_159_1.jpg,20609_001_32_1.jpg
856_001_103_1.jpg,16970_001_17_1.jpg,23300_001_43_1.jpg
4564_001_119_1.jpg,5070_001_121_0.jpg,33040_001_83_0.jpg
10692_001_145_1.jpg,32330_001_80_0.jpg,4546_001_119_1.jpg
25184_001_51_0.jpg,34827_001_90_0.jpg,27881_001_62_0.jpg
35955_001_96_1.jpg,8611_001_137_0.jpg,8331_001_135_1.jpg
10322_001_143_1.jpg,10824_001_146_0.jpg,6777_001_129_0.jpg
34444_001_89_1.jpg,32484_001_80_1.jpg,9541_001_140_0.jpg
24027_001_46_1.jpg,15362_001_165_0.jpg,1999_001_108_1.jpg
3662_001_115_1.jpg,972_001_104_0.jpg,972_001_104_0.jpg
4826_001_120_0.jpg,13081_001_155_0.jpg,26677_001_58_0.jpg
18350_001_23_0.jpg,8348_001_135_1.jpg,25815_001_54_0.jpg
26467_001_57_0.jpg,9100_001_139_0.jpg,22113_001_39_0.jpg
17926_001_21_0.jpg,30100_001_71_0.jpg,22863_001_41_1.jpg
25181_001_51_0.jpg,4295_001_118_1.jpg,8098_001_134_0.jpg
10236_001_143_0.jpg,24660_001_49_1.jpg,20703_001_32_1.jpg
1751_001_107_1.jpg,4475_001_119_0.jpg,6868_001_129_1.jpg
27044_001_59_1.jpg,30978_001_75_0.jpg,5868_001_125_0.jpg
23551_001_44_1.jpg,36672_001_99_1.jpg,17043_001_18_0.jpg
30531_001_73_0.jpg,12436_001_152_0.jpg,12291_001_151_1.jpg
32880_001_82_1.jpg,11535_001_149_0.jpg,15930_001_168_0.jpg
26625_001_57_1.jpg,11219_001_147_1.jpg,16216_001_169_1.jpg
32836_001_82_0.jpg,18704_001_24_1.jpg,28821_001_66_0.jpg
796_001_103_0.jpg,7378_001_131_0.jpg,8098_001_134_0.jpg
15151_001_164_0.jpg,11809_001_14_1.jpg,17454_001_1_0.jpg
7074_001_12_1.jpg,4143_001_117_1.jpg,13691_001_157_1.jpg
10283_001_143_1.jpg,8754_001_137_1.jpg,31801_001_78_1.jpg
27449_001_60_1.jpg,13712_001_157_1.jpg,2248_001_109_1.jpg
36049_001_97_0.jpg,3443_001_114_1.jpg,27610_001_61_0.jpg
17244_001_19_0.jpg,1203_001_105_0.jpg,31067_001_75_1.jpg
19597_001_28_1.jpg,21567_001_36_1.jpg,10370_001_143_1.jpg
32186_001_7_1.jpg,25631_001_53_0.jpg,9643_001_140_1.jpg
6976_001_12_0.jpg,31067_001_75_1.jpg,8114_001_134_0.jpg
29888_001_70_0.jpg,35048_001_91_1.jpg,17204_001_18_1.jpg
12049_001_150_1.jpg,29230_001_68_0.jpg,34488_001_89_1.jpg
2862_001_111_1.jpg,32139_001_7_0.jpg,20586_001_32_0.jpg
6306_001_127_0.jpg,2862_001_111_1.jpg,33247_001_84_0.jpg
25208_001_51_0.jpg,8140_001_134_1.jpg,4967_001_120_1.jpg
24037_001_46_1.jpg,8975_001_138_1.jpg,5284_001_122_0.jpg
1996_001_108_1.jpg,21248_001_35_0.jpg,33707_001_86_0.jpg
14241_001_15_0.jpg,2078_001_109_0.jpg,3783_001_116_0.jpg
15791_001_167_1.jpg,18436_001_23_1.jpg,30047_001_70_1.jpg
25274_001_51_1.jpg,15765_001_167_0.jpg,6625_001_128_1.jpg
30476_001_72_1.jpg,27372_001_60_0.jpg,7658_001_132_0.jpg
23965_001_46_1.jpg,1738_001_107_1.jpg,10132_001_142_1.jpg
34826_001_90_0.jpg,5340_001_122_1.jpg,5441_001_123_0.jpg
28125_001_63_0.jpg,3200_001_113_0.jpg,23860_001_46_0.jpg
28669_001_65_1.jpg,21071_001_34_1.jpg,28009_001_62_1.jpg
32490_001_80_1.jpg,32912_001_82_1.jpg,5955_001_125_0.jpg
28111_001_63_0.jpg,31926_001_79_0.jpg,24125_001_47_0.jpg
30251_001_71_1.jpg,5340_001_122_1.jpg,5441_001_123_0.jpg
2159_001_109_1.jpg,28584_001_65_0.jpg,2871_001_111_1.jpg
29563_001_69_1.jpg,705_001_102_1.jpg,31756_001_78_1.jpg
13989_001_159_0.jpg,6868_001_129_1.jpg,23478_001_44_0.jpg
29449_001_69_0.jpg,1060_001_104_1.jpg,1625_001_107_0.jpg
12478_001_152_0.jpg,1060_001_104_1.jpg,8938_001_138_1.jpg
25850_001_54_0.jpg,13980_001_159_0.jpg,900_001_103_1.jpg
29814_001_6_1.jpg,291_001_100_1.jpg,529_001_102_0.jpg
3022_001_112_1.jpg,31216_001_76_0.jpg,12929_001_154_0.jpg
35266_001_92_1.jpg,21612_001_36_1.jpg,5338_001_122_1.jpg
6110_001_126_0.jpg,14433_001_160_0.jpg,35048_001_91_1.jpg
31323_001_76_1.jpg,33368_001_84_1.jpg,15355_001_165_0.jpg
20556_001_32_0.jpg,16727_001_170_1.jpg,21141_001_34_1.jpg
33141_001_83_1.jpg,6862_001_129_1.jpg,6948_001_12_0.jpg
20290_001_31_0.jpg,2961_001_112_0.jpg,33764_001_86_1.jpg
30186_001_71_1.jpg,24992_001_50_0.jpg,23940_001_46_0.jpg
2104_001_109_0.jpg,36058_001_97_0.jpg,19189_001_27_0.jpg
28672_001_65_1.jpg,10461_001_144_0.jpg,25794_001_54_0.jpg
35493_001_93_1.jpg,23875_001_46_0.jpg,26514_001_57_0.jpg
4492_001_119_0.jpg,12170_001_151_0.jpg,1268_001_105_1.jpg
34725_001_8_1.jpg,12670_001_153_0.jpg,20057_001_30_0.jpg
14_001_0_1.jpg,11550_001_149_0.jpg,13784_001_158_0.jpg
7603_001_132_0.jpg,1842_001_108_0.jpg,33905_001_87_0.jpg
26902_001_59_0.jpg,25563_001_53_0.jpg,16630_001_170_0.jpg
16587_001_170_0.jpg,27568_001_61_0.jpg,36635_001_99_1.jpg
26646_001_57_1.jpg,31031_001_75_0.jpg,30030_001_70_1.jpg
31211_001_76_0.jpg,21612_001_36_1.jpg,5338_001_122_1.jpg
34818_001_90_0.jpg,28134_001_63_1.jpg,22054_001_38_1.jpg
2869_001_111_1.jpg,6734_001_129_0.jpg,31571_001_77_1.jpg
31414_001_77_0.jpg,8451_001_136_0.jpg,10720_001_145_1.jpg
27610_001_61_0.jpg,12344_001_151_1.jpg,36049_001_97_0.jpg
25363_001_52_0.jpg,6019_001_125_1.jpg,7032_001_12_0.jpg
35674_001_95_0.jpg,4692_001_11_0.jpg,27481_001_60_1.jpg
32697_001_81_1.jpg,34845_001_90_1.jpg,22606_001_40_1.jpg
34718_001_8_1.jpg,1135_001_104_1.jpg,14475_001_160_1.jpg
4973_001_120_1.jpg,14225_001_15_0.jpg,17477_001_1_0.jpg
31607_001_77_1.jpg,33933_001_87_0.jpg,32113_001_7_0.jpg
6994_001_12_0.jpg,14868_001_162_0.jpg,6755_001_129_0.jpg
36751_001_9_0.jpg,27558_001_61_0.jpg,2159_001_109_1.jpg
25644_001_53_0.jpg,35153_001_92_0.jpg,15996_001_168_1.jpg
15714_001_167_0.jpg,13135_001_155_0.jpg,1662_001_107_0.jpg
3139_001_113_0.jpg,30410_001_72_1.jpg,23940_001_46_0.jpg
9031_001_139_0.jpg,19557_001_28_1.jpg,22672_001_40_1.jpg
13236_001_155_1.jpg,35400_001_93_0.jpg,2504_001_110_0.jpg
18510_001_24_0.jpg,21853_001_38_0.jpg,24156_001_47_0.jpg
23073_001_42_1.jpg,11535_001_149_0.jpg,24471_001_48_1.jpg
24173_001_47_0.jpg,12130_001_150_1.jpg,36228_001_97_1.jpg
15849_001_167_1.jpg,1745_001_107_1.jpg,22034_001_38_1.jpg
1436_001_106_0.jpg,7011_001_12_0.jpg,12902_001_154_0.jpg
31664_001_78_0.jpg,28448_001_64_1.jpg,26920_001_59_0.jpg
34329_001_89_0.jpg,4086_001_117_1.jpg,18520_001_24_0.jpg
15865_001_167_1.jpg,26725_001_58_0.jpg,8979_001_138_1.jpg
748_001_103_0.jpg,27849_001_62_0.jpg,32779_001_82_0.jpg
4058_001_117_0.jpg,25780_001_54_0.jpg,6787_001_129_0.jpg
15331_001_165_0.jpg,9247_001_139_1.jpg,31126_001_75_1.jpg
29135_001_67_1.jpg,33933_001_87_0.jpg,6817_001_129_0.jpg
24111_001_47_0.jpg,3967_001_116_1.jpg,20066_001_30_0.jpg
20761_001_33_0.jpg,34845_001_90_1.jpg,35587_001_94_1.jpg
31458_001_77_0.jpg,31535_001_77_1.jpg,20175_001_30_1.jpg
7967_001_133_1.jpg,2208_001_109_1.jpg,22204_001_39_1.jpg
27844_001_62_0.jpg,24474_001_48_1.jpg,29608_001_69_1.jpg
18013_001_21_1.jpg,4161_001_117_1.jpg,26615_001_57_1.jpg
30978_001_75_0.jpg,31723_001_78_0.jpg,24626_001_49_1.jpg
14094_001_159_1.jpg,30948_001_74_1.jpg,24191_001_47_1.jpg
28939_001_66_1.jpg,2135_001_109_0.jpg,15956_001_168_0.jpg
4186_001_118_0.jpg,36267_001_98_0.jpg,13542_001_157_0.jpg
25176_001_51_0.jpg,28446_001_64_1.jpg,21424_001_36_0.jpg
3392_001_114_0.jpg,2680_001_110_1.jpg,21938_001_38_0.jpg
22639_001_40_1.jpg,9849_001_141_1.jpg,33366_001_84_1.jpg
27609_001_61_0.jpg,10722_001_145_1.jpg,14321_001_15_1.jpg
18349_001_23_0.jpg,35548_001_93_1.jpg,12578_001_152_1.jpg
21218_001_35_0.jpg,21358_001_35_1.jpg,5179_001_121_1.jpg
881_001_103_1.jpg,5477_001_123_0.jpg,25955_001_54_1.jpg
3173_001_113_0.jpg,15996_001_168_1.jpg,32836_001_82_0.jpg
2188_001_109_1.jpg,6941_001_129_1.jpg,24_001_0_1.jpg
1059_001_104_1.jpg,15526_001_166_0.jpg,24707_001_49_1.jpg
29003_001_67_0.jpg,27946_001_62_1.jpg,30579_001_73_0.jpg
16373_001_16_0.jpg,12717_001_153_0.jpg,1788_001_107_1.jpg
5349_001_122_1.jpg,1996_001_108_1.jpg,2208_001_109_1.jpg
6986_001_12_0.jpg,10824_001_146_0.jpg,9859_001_141_1.jpg
1253_001_105_0.jpg,881_001_103_1.jpg,2537_001_110_0.jpg
851_001_103_1.jpg,34818_001_90_0.jpg,2419_001_10_1.jpg
20094_001_30_0.jpg,22217_001_39_1.jpg,7612_001_132_0.jpg
28667_001_65_1.jpg,5811_001_124_1.jpg,36471_001_99_0.jpg
25916_001_54_1.jpg,35193_001_92_0.jpg,8079_001_134_0.jpg
11538_001_149_0.jpg,14214_001_15_0.jpg,1398_001_106_0.jpg
12172_001_151_0.jpg,752_001_103_0.jpg,12700_001_153_0.jpg
15627_001_166_1.jpg,6379_001_127_0.jpg,32175_001_7_0.jpg
16643_001_170_0.jpg,896_001_103_1.jpg,15022_001_163_0.jpg
12885_001_154_0.jpg,25489_001_52_1.jpg,15876_001_167_1.jpg
18133_001_22_0.jpg,32697_001_81_1.jpg,32836_001_82_0.jpg
7378_001_131_0.jpg,24060_001_46_1.jpg,10431_001_144_0.jpg
8971_001_138_1.jpg,1104_001_104_1.jpg,602_001_102_0.jpg
896_001_103_1.jpg,31011_001_75_0.jpg,35240_001_92_0.jpg
30483_001_72_1.jpg,16970_001_17_1.jpg,708_001_102_1.jpg
27907_001_62_1.jpg,1976_001_108_1.jpg,31968_001_79_1.jpg
5728_001_124_0.jpg,10885_001_146_0.jpg,354_001_101_0.jpg
